formula,target,task_id
Zr1,35.9976,mp-134
K2Mg5Sn3,10.6077,mp-135
C1In1La3,33.7198,mp-134
Al3B2Ru4,110.769,mp-134
Au1Ho1Pb1,30.4586,mp-134
F2Xe1,4.47715,mp-134
Dy1S2,46.7831,mp-134
Nb3Te4,37.6969,mp-134
Rb2Te1,5.8551,mp-134
Sb2Tb1,30.1357,mp-134
Hf1Pd5,62.3641,mp-134
O3Pb1Zr1,76.5572,mp-134
Ag1Al1Se2,17.6489,mp-134
Pd1Sb1Tb1,33.8982,mp-134
Ga1La1Zn1,44.0985,mp-134
Ag1As1S1,12.3086,mp-134
Ca1Pd1,23.4866,mp-134
Cd2Yb1,22.7792,mp-134
K1Li1Se1,15.3426,mp-134
Al2N1Nb3,115.382,mp-134
Pt7Sb1,32.6533,mp-134
Ag1Er1,28.3288,mp-134
Ca2O4Pb1,51.993,mp-134
Cl4K2Pd1,7.31318,mp-134
P1Ru1Zr1,90.612,mp-134
As1Li1Mg1,37.6606,mp-134
Au1Ga1Zr1,55.264,mp-134
In2Li1Rh1,35.1491,mp-134
Ca3Ge13Ir4,50.0357,mp-134
Ba1Mg4Si3,42.6944,mp-134
Mo3P1,94.1519,mp-134
Ni1Zr2,16.5835,mp-134
As1Hf1Ru1,81.9486,mp-134
Co2Ge1Zn1,13.0602,mp-134
N1Ni2W3,146.432,mp-134
B6K1,104.408,mp-134
Lu1Pb2,11.5566,mp-134
Au1Dy1,29.6842,mp-134
Pt3Sn1,50.2504,mp-134
Sn1Zr3,33.3977,mp-134
Bi1,4.69588,mp-134
In1P1Pd5,51.8608,mp-134
In2O3,60.1448,mp-134
C1Sc3Tl1,78.0154,mp-134
Al1Pd1Y1,30.5127,mp-134
Ho1In3,28.2501,mp-134
Dy1Rh2Si2,91.1593,mp-134
Al2Y1,60.878,mp-134
Pu1Se1,33.638,mp-134
Co1Y1,16.4834,mp-134
Al4Er1Ni1,60.829,mp-134
Er5Si3,58.6834,mp-134
As1Hf1,61.4513,mp-134
Be2Re1,173.891,mp-134
Al1Ge1Sc1,50.8302,mp-134
C1Pb1Pd3,31.9704,mp-134
Cu2In1Y1,35.9008,mp-134
Hf1Pt1,29.1414,mp-134
As3La4,30.488,mp-134
Al16Hf6Pd7,77.5928,mp-134
Ba1Os2P2,49.8526,mp-134
B6Os1Y2,189.459,mp-134
Ho1In1,21.3591,mp-134
Er1Ru2Si2,79.5517,mp-134
Au1Be5,117.844,mp-134
Rh2Si2Y1,90.0265,mp-134
Ce1Ga1Ni1,39.8557,mp-134
Au1Ca1Cd1,18.1179,mp-134
Ga12Lu4Pd1,57.3842,mp-134
O6Os2Rb1,75.8183,mp-134
Dy1Ga1Pt1,29.7153,mp-134
Pt1Sb2,49.1032,mp-134
La1Rh2,45.6168,mp-134
Er1Ge2Rh2,62.5482,mp-134
F6K2Mn1,8.00356,mp-134
Ho2Rh3Sn5,36.1158,mp-134
Cl6Cs2Te1,4.67854,mp-134
Ni2Si2Zr1,79.5894,mp-134
P1Rh2,81.5454,mp-134
Au1Pb4Rb3,6.03975,mp-134
N1Ru2Zr4,70.5462,mp-134
Ca1O3Ti1,104.821,mp-134
As1Fe1Nb1,56.7259,mp-134
Au1Cu4Tb1,15.8928,mp-134
Ir5Th1,103.159,mp-134
P2Zn3,41.2235,mp-134
In1Pd2,32.5684,mp-134
As2Cu1Er1,55.5383,mp-134
Al1F3,76.3058,mp-134
C2Ir1,97.5426,mp-134
Cu4O3,20.752,mp-134
Ir2S3Sn3,31.6174,mp-134
Si136,37.1295,mp-134
Ce2Pd21Si6,41.2419,mp-134
O4Sb1V1,103.734,mp-134
In1Pt2Tb1,38.2275,mp-134
Sr1Tl2,15.8846,mp-134
Ca1O3Rh1,71.7347,mp-134
Ba1O3Ti1,79.6195,mp-134
Re1Si1Ti1,129.608,mp-134
Ti1Zn3,41.7624,mp-134
Cu1La1Pb1,38.5677,mp-134
O2Rh1,106.732,mp-134
Cu1Ga2,36.4074,mp-134
As1Pt5Zn1,65.8464,mp-134
Au1Sc1Sn1,35.6477,mp-134
Cu2In1Sc1,36.824,mp-134
Ba1In4,19.7444,mp-134
Bi1Dy1Rh1,38.7031,mp-134
Tl3Yb1,9.70633,mp-134
In1Ir1Li2,26.6955,mp-134
Ru1,191.304,mp-134
Ag1K1O1,12.2646,mp-134
Cd1P1Pd5,44.6939,mp-134
Ho1Pt1Sb1,48.1004,mp-134
In1La2Pd2,27.1636,mp-134
Ge1Sn1Tb1,40.7316,mp-134
Cs1I3Sn1,6.26776,mp-134
As1K3S3,7.83553,mp-134
Ir5La1,86.1616,mp-134
Br6Cs2Te1,4.30916,mp-134
N1Nb3Zn3,97.0605,mp-134
Ba1Ca1Pb1,16.236,mp-134
Nb5O9Sr2,98.5461,mp-134
Ga2Ru1,92.9577,mp-134
Ca3Ga4Ni4,30.5826,mp-134
B1Ni6Si2,77.5816,mp-134
Dy1In3,28.4422,mp-134
Au2In1Zr1,28.2433,mp-134
Eu1Hg1,17.2271,mp-134
Cu1In1Se2,21.2314,mp-134
Cu2In1Lu1,35.6764,mp-134
O1Ta4,65.3302,mp-134
Ho1Zn1,25.7899,mp-134
Ho1Pd3,59.6179,mp-134
B1Tc3,141.16,mp-134
Cu1Te2,19.8086,mp-134
Er1In1Zn1,42.5958,mp-134
Be1S1,83.8146,mp-134
Al1C3V4,152.748,mp-134
La1S2,37.8348,mp-134
Au1La1O3,46.8393,mp-134
O7Y2Zr2,86.5563,mp-134
In1La1O3,56.9904,mp-134
Hf1O3Sr1,99.4399,mp-134
Ir1Sb1Se1,79.676,mp-134
K3S3Sb1,7.68826,mp-134
Au2Nb1,59.4529,mp-134
As1Nd1,43.4134,mp-134
La1Ru4Sb12,48.2584,mp-134
Hg1P1Pt5,49.3886,mp-134
Cd1La1Pd1,24.4271,mp-134
Ba1Ge3Pd1,33.0842,mp-134
Re4S4Te4,42.7901,mp-134
C2Ho1Ni1,101.074,mp-134
Ir1Lu1Si1,82.2703,mp-134
Ag2Yb1,15.5651,mp-134
Al4C4Th1,99.7216,mp-134
N4Sn3,77.3684,mp-134
Ag1Mg1Sb1,13.5164,mp-134
B4Cr1,258.248,mp-134
Mn1Pt1,57.4557,mp-134
Er3Rh1,16.2565,mp-134
As1In1,25.7349,mp-134
Cd1Ru1Y4,27.0901,mp-134
Te1Th1,52.973,mp-134
B7Mn1Y3,145.111,mp-134
Cd3Zr1,28.6887,mp-134
Al2Er3,36.1772,mp-134
Ba1C4O4,19.8638,mp-134
Co4Dy3Ge13,66.3482,mp-134
Rh1Yb1,30.1592,mp-134
Al4La1,25.0327,mp-134
Cd2O4Si1,54.0755,mp-134
Mg1Mo1N2,179.829,mp-134
Mn2Sn1W1,114.829,mp-134
Ga2Hf6Ni1,64.4591,mp-134
Co1S1Sb1,79.031,mp-134
B1Fe1W1,141.685,mp-134
B2C2Mg1,103.438,mp-134
Ge3Y5,53.2347,mp-134
Al4Ba1,31.3634,mp-134
Er1Ge1,55.3619,mp-134
Ba1F4Ni1,28.0318,mp-134
F6Hf1K2,5.15153,mp-134
Te1V1,33.0608,mp-134
Ag1O2Sc1,30.8939,mp-134
Au2Si2Sr1,41.0859,mp-134
Co1Ge1Mn1,97.8688,mp-134
Nb3Rh1,89.1622,mp-134
Al1Mn1Pt1,54.7774,mp-134
Fe1Ga12Ho4,48.2424,mp-134
As1Cr1Ni1,63.6009,mp-134
O7Ti2Y2,100.536,mp-134
Al3C4Hf2,156.059,mp-134
Ag1In2Na3,9.28715,mp-134
Ga1O6Y3,61.4407,mp-134
O7Tb2Ti2,102.449,mp-134
Ba1Hg1,14.4955,mp-134
Cu1In1La1,23.1972,mp-134
Ge1Mn1,19.7154,mp-134
Cu5Nd1,29.7935,mp-134
Ge6Ho2Ni1,57.7982,mp-134
B2Mg1,116.426,mp-134
S1Sr1,32.1663,mp-134
O1Rb2,7.82506,mp-134
Br8Li6Mg1,14.8454,mp-134
Ag1Mg1,22.5797,mp-134
La1Ni1O2,64.1153,mp-134
Pb3Yb1,18.7323,mp-134
Ni2Si2Th1,81.1328,mp-134
Ho1Rh3Si2,101.449,mp-134
O1S1Zr1,50.5992,mp-134
Cd1Te1,13.0107,mp-134
O6Pt3Zn1,58.9915,mp-134
Ag1Er1Se2,22.3381,mp-134
Co2In1Zr2,55.4415,mp-134
Rh1Si1Y1,60.1363,mp-134
Al2La5Ru3,27.8653,mp-134
C1Ge1Ti2,95.0563,mp-134
Cr1Ni1Sb1,36.4914,mp-134
Ca1O4Tl2,41.9478,mp-134
N1V2,132.471,mp-134
In1P1Pt5,60.2943,mp-134
Ga2Pt1,13.5414,mp-134
P1Y1,57.9882,mp-134
B2C2Tb1,112.461,mp-134
Ni1P4Si3,62.6791,mp-134
Ge3Pu1,64.6542,mp-134
Al4Ni3,86.1635,mp-134
Al1Cu1O2,75.874,mp-134
In1Y2,26.781,mp-134
N1Sn3Zr5,65.7218,mp-134
Pd2Si2Tb1,55.5588,mp-134
Ge2La1Rh1,41.3717,mp-134
Ba1Cd1,13.7644,mp-134
Au1Ti1,41.1534,mp-134
Ge1Nb1Rh1,92.1239,mp-134
S1Se1U1,40.3853,mp-134
Er1S1,44.5171,mp-134
Se4Y2Zn1,23.4913,mp-134
Er1Ir2,90.9509,mp-134
Cd1Dy2Se4,18.0784,mp-134
Ag1Si1Y1,53.833,mp-134
In1Mg1Y1,39.3031,mp-134
Cu1Fe2Ge2,85.9083,mp-134
La2O2S1,49.329,mp-134
Ir4Sn13Sr3,30.4995,mp-134
Ca2H1N1,39.7447,mp-134
Ga3Ho1,39.7737,mp-134
Cl6Cs2Se1,5.11528,mp-134
Al1Au1O2,68.0651,mp-134
Cl6Te1Tl2,6.13915,mp-134
Cd1Ho1,26.287,mp-134
Mo1P1Zr1,111.717,mp-134
Pd1Sc1Sn1,44.1112,mp-134
Au2Ca1Ge2,19.9173,mp-134
As1Na1Sr1,26.1878,mp-134
Cs1F2H1,8.21402,mp-134
N1Ni2Ta4,112.971,mp-134
Cs1,0.819158,mp-134
Nb1P1V1,115.075,mp-134
Au2Tb1,34.3779,mp-134
Al1Ni2V1,59.2787,mp-134
Ce1P12Ru4,108.775,mp-134
F2Mg1,51.2467,mp-134
O3Rb2Tb1,11.691,mp-134
As1Hg1K1,14.6855,mp-134
Ga1Y1,43.7683,mp-134
Rh1Sn2,38.7157,mp-134
Si1Ta2V3,61.7074,mp-134
In1Li2Pd1,17.6542,mp-134
Cu3P1S4,32.5289,mp-134
Ba1Nb4O6,111.48,mp-134
Ca1Ge1Mg1,38.961,mp-134
Au1Er1Pb1,30.9018,mp-134
Al1Li5O4,51.77,mp-134
Cl1Na1,13.4547,mp-134
As1Fe1Li1,47.8561,mp-134
Cu3Pt1,51.3026,mp-134
F3Sc1,38.6948,mp-134
B3Os2,205.501,mp-134
H2Pd1Zr2,38.6691,mp-134
B4Ir3Zr1,112.192,mp-134
Cd1P1Pt5,56.679,mp-134
Mo3Ti1,83.6183,mp-134
Al1H4Th2,52.8914,mp-134
Ge1Ir1Tb1,58.5058,mp-134
Au1C2Cs1,12.7099,mp-134
Ag1Ge1La1,38.3618,mp-134
Ho1Mg1Sn1,36.8778,mp-134
Tl1Yb1,11.5492,mp-134
Ba1Pt1Si1,29.1339,mp-134
C1Dy3Ga1,17.8771,mp-134
Ga1Hf1Pd1,60.744,mp-134
Hf1Sb1,60.5927,mp-134
Pt1Sn1,37.6734,mp-134
Pt3Yb1,42.2701,mp-134
Ag1Al1Te2,15.4393,mp-134
Si1Sr2,17.2619,mp-134
Rh1Tb1Zn1,32.9542,mp-134
Hf1Tc1,65.5671,mp-134
As1Dy1Pd1,51.6086,mp-134
La1Ru1Sn3,31.678,mp-134
Pb0.33S2Ta1,42.2101,mp-134
Mg1Se1,16.4488,mp-134
Na1O3W1,99.8725,mp-134
As1Ti1,57.5637,mp-134
O2,7.38963,mp-134
As1Pd1Sr1,26.8249,mp-134
Br1La5Sn3,28.6166,mp-134
Ge3Rh5,62.4228,mp-134
Al1Au1Dy1,39.96,mp-134
Be1Co1,117.704,mp-134
Al16Hf6Pt7,82.5195,mp-134
F3Pd1Rb1,25.9101,mp-134
Er7Rh3,23.2495,mp-134
Tb3Tl5,20.5789,mp-134
In14K3Mg20,17.6759,mp-134
Bi2O7Sn2,66.7544,mp-134
Cr1F3K1,23.3615,mp-134
Dy3Ge13Ru4,50.7567,mp-134
B1Hf1,88.9122,mp-134
Au1Ca3,10.5154,mp-134
B2Nb1Ni1,174.75,mp-134
In1La1Zn1,41.1702,mp-134
Ho5Sb3,35.8436,mp-134
Ba1O4S1,19.8484,mp-134
C1Pb1Ti2,69.6375,mp-134
Ru3U1,103.304,mp-134
Br1,3.12586,mp-134
C2Tb1,40.741,mp-134
La1Te1,19.4894,mp-134
Be2Ta1,127.291,mp-134
As2La1Ni2,59.7709,mp-134
F5Mn1Rb2,10.0842,mp-134
Br1F1Sr1,19.0161,mp-134
Dy1Ge2Ru2,59.8562,mp-134
Cu1Sn1Tb1,47.4434,mp-134
Ho1In1Pd1,28.5965,mp-134
Er3Pd8Sb4,31.6591,mp-134
Cd1O2,39.0598,mp-134
Cu2Ho1In1,37.3804,mp-134
Ge1Ni2O4,82.8895,mp-134
Ba5Sn3,13.6866,mp-134
Al3C3Gd1,131.511,mp-134
Al2Ru1,104.706,mp-134
Ir1Sn1Zr1,57.5878,mp-134
Cd2Pd1Sr1,18.7509,mp-134
Cs2Te5,6.27889,mp-134
B2C2Gd1,112.989,mp-134
Ba1O3Pb1,61.0742,mp-134
N2Pt1,171.028,mp-134
Co1Ge1Ti1,87.7818,mp-134
Pd2Sb1,39.6599,mp-134
Cd1Dy1Ga1,48.8242,mp-134
La4O4Se3,33.7698,mp-134
As1Pt1Sr1,28.2467,mp-134
As1Sc1,51.8482,mp-134
N2Sr1Ti1,50.3323,mp-134
Au2Be1,31.2149,mp-134
B6Ho1,63.1052,mp-134
Rh1V1,81.3444,mp-134
Ba1O3Ru1,47.8553,mp-134
Ba2Sb1,14.8144,mp-134
Ti2Zn1,60.7661,mp-134
Pd2Ta1,69.403,mp-134
Dy1Tl1,15.9993,mp-134
Fe1Ga1Ni2,42.0687,mp-134
Cu1K1S1,5.48974,mp-134
B6Er1,59.8431,mp-134
Al3Ru2,70.9047,mp-134
Ca1Hg3,11.4586,mp-134
Hg1Tb1,17.6505,mp-134
Fe1Si1Tb1,55.3923,mp-134
F3Na1Zn1,35.9334,mp-134
Be4N4Sr2,70.7238,mp-134
Au1O1Rb1,11.1172,mp-134
Bi1Er5Pt2,21.2643,mp-134
Al1N3Ta4,104.093,mp-134
C1Ga1Ti2,110.301,mp-134
B1C7,454.751,mp-134
Al3C3Sc1,137.85,mp-134
Au1Dy1In1,39.035,mp-134
Pt1Sb1Y1,46.5007,mp-134
Li3Pb1,20.2544,mp-134
Ni1O1Zr3,66.5006,mp-134
C1Ga1Sc2,56.0225,mp-134
O7Pb2Sb2,100.504,mp-134
B2Ta3,179.397,mp-134
Cd1Ni4Y1,48.7159,mp-134
B6Ta5,203.785,mp-134
Ge2Ho1Pd2,32.1484,mp-134
H1Si3Y5,57.2238,mp-134
Cl4Li2Zn1,17.1583,mp-134
Au1H3Ti3,68.2139,mp-134
Ca1F4Pd1,32.2201,mp-134
Ge4La1Rh6,75.9017,mp-134
N1Rh1,111.071,mp-134
Ru3Si2Y1,83.6679,mp-134
B6Ni20Ta3,88.9151,mp-134
Ca3N1Sb1,10.6303,mp-134
La3Rh4Sn13,44.0884,mp-134
Si1Tc1,111.018,mp-134
Bi1Dy1,31.9971,mp-134
Fe1Ga12Tb4,46.3632,mp-134
Dy1Ni1Sb1,56.4694,mp-134
S2Ti1,41.5977,mp-134
Ag1Ho1Se2,22.1645,mp-134
Hg3Y1,18.151,mp-134
Sb1Sn1,14.8124,mp-134
Dy1Pd1Tl1,21.456,mp-134
C2U1,82.9027,mp-134
N2Sr2Zn1,35.2693,mp-134
Ba2N2Zn1,22.9641,mp-134
C1Y1,64.3648,mp-134
Al20La1V2,54.7887,mp-134
Pr1Te1,22.5871,mp-134
As1Cu1S1,27.571,mp-134
Cu1Pt7,71.1879,mp-134
Cu1Sb1Sr1,34.1573,mp-134
Y1,28.96,mp-134
Ba1Be13,96.1777,mp-134
N4Zr3,116.533,mp-134
Ca1,7.74843,mp-134
S7Tb5,37.7681,mp-134
Er3Ge13Ir4,70.6208,mp-134
Sb1Sc2,39.4605,mp-134
Bi1Pd1Se1,23.571,mp-134
Ni1O6Sb2,94.3554,mp-134
Al2La1,45.2709,mp-134
Be1Pd1,33.6697,mp-134
B2C2Sc1,145.689,mp-134
Au3Rb2,13.3758,mp-134
B1Li2Pd3,30.5607,mp-134
Cu1Li2Sb1,33.1936,mp-134
Pd1Sc2,31.2622,mp-134
Th1Tl3,18.2616,mp-134
Fe1O1,52.9775,mp-134
C2Co1Ho1,92.8254,mp-134
Cl6K2Re1,6.31792,mp-134
Cs3Hg20,3.98971,mp-134
Cu2Ge2La1,54.2586,mp-134
Cr2Mn1O4,61.9419,mp-134
C1Er5Ge3,45.6871,mp-134
Ir1V3,122.542,mp-134
Er1Ni2P2,88.0277,mp-134
Co2Hf1Sn1,63.55,mp-134
S3Sn1Sr1,24.5589,mp-134
Ge1Mn1Nb1,97.7364,mp-134
H2Y1,56.926,mp-134
Ni1Sb1Ti1,56.2179,mp-134
Be22Re1,151.936,mp-134
Nb1O2,104.279,mp-134
Ir3V1,214.757,mp-134
Ho4In1Rh1,33.8782,mp-134
Ag2In1Tb1,21.3448,mp-134
B1,87.7272,mp-134
Au1Sn4,12.3513,mp-134
Mg1Sc1,29.1006,mp-134
La3Pb13Rh4,31.8995,mp-134
C3N4,314.037,mp-134
Ir1La4Mg1,20.1747,mp-134
Co1Se2,64.9108,mp-134
As2Ba1Ru2,41.1028,mp-134
Ho1Ir1Sn1,44.4359,mp-134
Ge6Lu4Ru7,81.3378,mp-134
Cd1Ho2S4,23.1596,mp-134
As1C1V3,66.7581,mp-134
Ni3Ta1,82.2621,mp-134
Mn1Nb3S6,44.6291,mp-134
Mg1Pd2Tb2,26.3913,mp-134
Al1C1V2,116.886,mp-134
Se1Zn1,27.5384,mp-134
S4Tl3V1,9.52593,mp-134
Al2Co1Zr6,53.1622,mp-134
Si2W3,79.1293,mp-134
Hf1Ni2Sb1,61.5584,mp-134
Cl2H12Sr7,26.6899,mp-134
Hf1Ir1Sn1,57.583,mp-134
In1N1Ti2,90.4008,mp-134
Bi1Ni1Sc1,50.3003,mp-134
Al2Pt1,31.4481,mp-134
Au1Ga1O2,53.625,mp-134
Fe1H6Mg2,62.9102,mp-134
Rh1Sc1,64.9681,mp-134
Al1La3N1,42.582,mp-134
C1Mg1N2,139.583,mp-134
O1Pd2Zr4,24.6787,mp-134
Al18Mg3W2,59.4127,mp-134
F6Na1P1,9.88395,mp-134
Dy1Mg1Pd1,16.9488,mp-134
Mg1O6Pt3,74.0204,mp-134
Hf2O7Y2,95.3711,mp-134
B4Dy1Rh4,91.8943,mp-134
Al3Zr1,83.6622,mp-134
Pt1Sn1U1,15.8698,mp-134
Os1Si1,85.6988,mp-134
N1Pa1,83.4642,mp-134
Co2Mn1Sn1,43.0989,mp-134
Ag1Ba1P1,31.0349,mp-134
O3Tl2,31.9501,mp-134
Cu4Hf3Si2,78.1352,mp-134
Er1Ge3Ni1,63.2542,mp-134
Mg1S4Sc2,26.0887,mp-134
Cd1N1Ni3,67.2357,mp-134
Au5K1,22.7251,mp-134
O4Si1Zr1,97.2627,mp-134
Ge2Th3,45.9045,mp-134
Ca3Co4Sn13,22.6237,mp-134
Mn1Pd2Sn1,34.3058,mp-134
Er2O7Sn2,88.3115,mp-134
Cl6Sn1Tl2,5.31827,mp-134
P1Yb1,18.2715,mp-134
B1O4Ta1,156.102,mp-134
H2W1,72.8303,mp-134
In2S4Zn1,30.5168,mp-134
Cr1S1,28.2545,mp-134
B2Ti1,237.262,mp-134
Dy1Mg1Sn1,36.6337,mp-134
Hf1Ru1,104.207,mp-134
Ce1Pd1Sb2,38.3917,mp-134
As1Gd1,48.3711,mp-134
Dy1Zn1,30.4545,mp-134
Ho1In1Pt1,33.1143,mp-134
Al1C3Nb4,147.603,mp-134
C2Re1,203.829,mp-134
Ga2Os1,100.667,mp-134
Rh4Sn13Th3,38.8649,mp-134
Bi2Ir2O7,83.3448,mp-134
Au1Mn1,31.0343,mp-134
Hf3Ni2Si3,96.2597,mp-134
Er4Ge6Ir7,99.6307,mp-134
In1Li1Te2,11.501,mp-134
Al16Pd7Zr6,80.1209,mp-134
Mn1Pt3,71.1981,mp-134
N4W3,92.9357,mp-134
Ag2Dy1In1,20.1257,mp-134
Ga2Hg1Te4,15.9477,mp-134
Au1Ge1Sc1,41.5669,mp-134
As2Ba1Zn2,31.1862,mp-134
Cd1Dy2S4,22.924,mp-134
O7P2Si1,81.9223,mp-134
Bi1Cs3O3,5.63509,mp-134
Ba1Hf1N2,44.4591,mp-134
Ag1Cu4Tb1,27.5078,mp-134
Cd1Ho1Ni4,49.6131,mp-134
Ru3Sn7,36.8304,mp-134
Pd1Se2,15.7759,mp-134
As1F6Na1,8.79376,mp-134
Cu9Ga4,54.6102,mp-134
In1Pd2Th2,27.3529,mp-134
Bi2Cu1Zr6,50.1337,mp-134
Al1Li2Pt1,36.9064,mp-134
Fe1Si1Zr1,103.058,mp-134
C1In1Pt3,18.5802,mp-134
Co1Dy1Ge1,55.6128,mp-134
B2Ba1Rh2,48.529,mp-134
Cu1Ho1Sn1,46.0022,mp-134
Rh1Ti2,82.1458,mp-134
Er2O7Ru2,90.4173,mp-134
As1Ba1Cu1,34.2332,mp-134
Ba3O1Sn1,25.4836,mp-134
Cl6Rb2Ti1,4.66555,mp-134
Ga1Li1S2,22.0807,mp-134
Ag1Dy1Si1,53.9999,mp-134
O1Pb1Sr3,32.9497,mp-134
Dy1Te1,22.2686,mp-134
Ga1Nb1Ni2,52.1716,mp-134
Al1Co2Ta1,96.9437,mp-134
Hg1Sc1,31.4425,mp-134
Ru1Zr1,88.5537,mp-134
Mo3Os1,103.669,mp-134
Cs2Pt1,5.35598,mp-134
Ca1Cd2,24.057,mp-134
Au4Ti1,30.2231,mp-134
Mn1P1Rh1,52.0858,mp-134
Mo1O2,93.9215,mp-134
Au3Zn1,27.9255,mp-134
Bi1Tb1,30.5522,mp-134
As1B1,124.448,mp-134
Na2Pd1Se2,12.8576,mp-134
Na1O3Sb1,73.8145,mp-134
Al2Hf3,61.8446,mp-134
Cu1Ni2Sn1,27.9789,mp-134
Al1Nb1Ru2,130.33,mp-134
Bi1F4K1,21.4383,mp-134
Cd1In2S4,22.8751,mp-134
Ge1Li1Rh2,91.9475,mp-134
Hf1Ni1Si1,102.232,mp-134
Be13Sc1,116.103,mp-134
Ho1Pd3S4,25.8012,mp-134
Al1Ta2,55.4775,mp-134
Ca3O1Pb1,43.5936,mp-134
Pt2Y1,69.3642,mp-134
Hf1Ru3,75.1374,mp-134
Os1Te2,86.7303,mp-134
Ga1Ru1,89.8356,mp-134
La2O7Ti2,87.087,mp-134
Au1In1Y1,40.3792,mp-134
Er1Hg3,19.9126,mp-134
I1La1,32.7938,mp-134
Co1Ge1Ta1,64.7056,mp-134
C1Ga1Ta2,109.606,mp-134
Nb1Pd2,75.0037,mp-134
Er1Pd3S4,24.63,mp-134
Ca3Cl3P1,26.9127,mp-134
Na1P1Sr1,28.915,mp-134
Au1Mg1Sn1,27.5993,mp-134
B1Ho1Rh3,89.8848,mp-134
Au2Th1,36.9856,mp-134
Se1V1,42.0109,mp-134
Be1Li1P1,44.0202,mp-134
Nb1P1,108.724,mp-134
Ge1Ni2,47.126,mp-134
Ba1Cu2Sb2,30.2956,mp-134
Rh2Th1,24.2575,mp-134
Hg1P1Pd5,37.1391,mp-134
Au1K1Se1,6.43667,mp-134
Nb3Si1,75.2371,mp-134
Ru1V3Zr2,50.1625,mp-134
Ag2Tb1,22.0175,mp-134
B3Co1W3,205.286,mp-134
Ge1Rh1Sc1,73.4556,mp-134
Al1Ti1Zr2,36.5249,mp-134
Ca1Cu1F4,36.2461,mp-134
Au1Cd1,13.6564,mp-134
S1Sn1,30.9299,mp-134
F3Rb1V1,35.317,mp-134
Sb2Th1,28.8531,mp-134
Bi2Ho6Rh1,24.1127,mp-134
B2Re1,270.047,mp-134
Yb1Zn1,24.8017,mp-134
C3Nb4Si1,129.031,mp-134
Cu1Pd1,40.8473,mp-134
C1Ga1Sc3,82.6278,mp-134
Ag1Nb1O3,88.9325,mp-134
As1Cd1K1,17.3694,mp-134
Rh1Sb3,51.0602,mp-134
C1O3Sr1,29.4488,mp-134
Cu1Hf2,57.9175,mp-134
Ga1Ni2Ta1,52.5628,mp-134
S2Zn1,40.5086,mp-134
Cs1Fe1O2,20.5627,mp-134
Ba1Si2Zn2,47.2998,mp-134
La1Rh2Si2,77.6512,mp-134
Rh4Si5,91.658,mp-134
Pt8Sc4Si4,69.1428,mp-134
Er1Pd1Sn1,31.4147,mp-134
Gd1Mg1,21.6397,mp-134
Ba1In2,21.5479,mp-134
O3Sr1Tc1,93.7816,mp-134
Ag1Au1Zn2,25.9944,mp-134
La2O3,41.8963,mp-134
Ho1Sn3,10.1805,mp-134
Pt1Sn1Sr1,26.4641,mp-134
Ge1Y1Zn1,55.1056,mp-134
Mo3N1Ni2,130.709,mp-134
Hf1Pd1Sn1,53.7398,mp-134
Cd1Er2Se4,18.5394,mp-134
Co1Sn1Y1,31.7812,mp-134
As1Nb1Ni1,75.1961,mp-134
Fe1Zr2,14.3518,mp-134
Ni1P1,67.0302,mp-134
Bi2O7Ru2,95.5536,mp-134
Mg1Pd1Sb1,29.4018,mp-134
Nb4Ni1Si1,101.369,mp-134
Li2Mg1Si1,39.0975,mp-134
Ir1Si3Th1,61.435,mp-134
P3Ti4,62.8528,mp-134
Bi1Er1Pt1,40.0554,mp-134
C3Ir5,60.8849,mp-134
Cu1Er1Pb1,40.1552,mp-134
Au1Bi1Li2,10.4285,mp-134
Au2Dy1In1,22.5602,mp-134
Cr3Si1,135.298,mp-134
H1N1Sr1,42.1177,mp-134
Ga2O4Zn1,85.8557,mp-134
Ca1Ga1Ge1,32.1403,mp-134
Ba1Li1Si1,17.3784,mp-134
In1Ir1Tb1,35.1322,mp-134
Ho1Rh2Si2,91.3351,mp-134
O3Y2,62.2962,mp-134
Co2Ga1Ta1,82.9215,mp-134
Hg11Rb1,4.09618,mp-134
F2Zn1,44.1201,mp-134
N1Pt2Zr4,65.6865,mp-134
Ho1Ir1,49.9922,mp-134
Er1In1Pt4,55.0363,mp-134
N1Os2Zr4,84.8749,mp-134
B1F5Li2,25.2902,mp-134
Li1N2P1,100.525,mp-134
Ho1Te1,21.6259,mp-134
Dy1Ga1Zn1,57.7343,mp-134
As1Li1Zn1,42.953,mp-134
S4Zr3,15.8185,mp-134
Au1Cl3Cs1,11.7102,mp-134
Dy1Pd1Sn1,33.9411,mp-134
As1Pd2,32.2073,mp-134
Ba1Tl2,17.2872,mp-134
Cu1Ho1Si1,64.3645,mp-134
Al2Tb1,56.8041,mp-134
Li1Tl1,17.2355,mp-134
Au3Sr7,8.04813,mp-134
Pb1Rh1,50.2892,mp-134
Er2Ni12P7,75.0778,mp-134
Rh1Si1Zr1,94.1775,mp-134
C1Pu1Rh3,11.8183,mp-134
Mn1Rh2Sn1,61.6182,mp-134
Al1Ca3Sb3,23.3542,mp-134
Au2Er1,39.1171,mp-134
Pd2Si1Tb1,45.0889,mp-134
C2Re1Y2,72.5076,mp-134
Ge2Ho1Ni2,50.8442,mp-134
Ir1Si1Y1,72.8592,mp-134
Cu1Zr1,32.6936,mp-134
Ba1Pt1Si3,53.5623,mp-134
Sb1Ti3,44.7414,mp-134
La1Sb2,24.5511,mp-134
C1Re2,256.279,mp-134
Ga1Rh1Zr1,52.5239,mp-134
Co3Fe1,68.882,mp-134
Hg5Pd2,10.628,mp-134
Ca5In2Sb6,19.8891,mp-134
Au2Er1In1,20.2433,mp-134
Al8Mo3,103.262,mp-134
O2Zr1,102.022,mp-134
Hg1K1Sb1,12.2833,mp-134
Au2Br6Cs2,5.60005,mp-134
Bi1Ca1Cu1,28.7285,mp-134
H6Li2Pt1,26.3648,mp-134
As1Ba1Li1,22.9624,mp-134
Ag2Si2Sr1,39.0043,mp-134
Rh1Sb1Tb1,40.9145,mp-134
N3Ta2Zr1,101.06,mp-134
C1Mn3Sn1,45.3543,mp-134
S1Yb1,42.1732,mp-134
Ba1S1,24.487,mp-134
Cu1S2,31.5031,mp-134
Al3Yb1,53.5418,mp-134
Mg1Te2,22.0054,mp-134
Ge1I3Rb1,10.2275,mp-134
Ca3H2Pb1,24.7412,mp-134
Na1Nb1Se2,39.9156,mp-134
Al1Au2,30.1104,mp-134
Cl4Hg3O1,5.0944,mp-134
Pt9Sc5Si7,72.3739,mp-134
Sb3Sr5,19.9125,mp-134
Ca1Si2Zn2,40.7795,mp-134
Ba2Ge1,11.6589,mp-134
F6Rb2Si1,7.51559,mp-134
P1Sb1Zr2,67.0024,mp-134
Mg2Si1,13.5347,mp-134
Br3Cs1Dy1,9.92444,mp-134
Cs2F6Ge1,5.17877,mp-134
Sn6V6Y1,70.9229,mp-134
Cd1S4Y2,22.9125,mp-134
B2C2Ca1,81.4271,mp-134
As1Ho1,51.3318,mp-134
Ru3Ti1,71.4223,mp-134
Ni1Sb2,39.3965,mp-134
Ge1Pt1Zr1,81.6386,mp-134
Bi5La3Mg1,14.207,mp-134
Mn1,30.4187,mp-134
As1O4Sc1,66.9593,mp-134
Br3Cs1Ge1,12.5055,mp-134
P1Pt5Sn1,39.5364,mp-134
Al3Er1Ni2,70.9294,mp-134
Os2Y1,51.8157,mp-134
Pd1Sb2,22.4467,mp-134
As2Cd3,14.4643,mp-134
Al1Ti1,66.6863,mp-134
Al1Tb1,34.7501,mp-134
Li2S1,33.5252,mp-134
Sb1Sc1,34.7667,mp-134
Au1O2Sc1,39.4848,mp-134
F4Nb1,27.5284,mp-134
Si2V1,142.402,mp-134
Al1N1Zr3,89.6327,mp-134
B1In1La3,25.9459,mp-134
Ge1Hg1Li2,16.7309,mp-134
As4O6,6.74,mp-134
Nb5P4Pd4,73.2577,mp-134
As1Pd5Sb1,17.2724,mp-134
Cl4U1,17.2795,mp-134
Ge1Rh1,51.2492,mp-134
Pt1Sn2,22.9661,mp-134
H5Rb3Zn1,10.6644,mp-134
Al1Cu2Sc1,45.0092,mp-134
Cd1In2O4,47.0139,mp-134
C1Ca1Pd3,16.6683,mp-134
Mg1Tb1,23.6263,mp-134
Gd1Rh1,42.2036,mp-134
K1Na2Sb1,13.4604,mp-134
W1,150.536,mp-134
Al16Hf6Os7,67.8841,mp-134
Cu1O2Y1,35.8211,mp-134
B12Ni1,140.157,mp-134
Ir2Zr1,124.878,mp-134
Bi1Pb1Pd2,23.1646,mp-134
Hf1Ni2Sn1,52.8997,mp-134
Fe1Ge1,37.977,mp-134
Ga2Mg5,22.2349,mp-134
La1Rh1Si1,20.3158,mp-134
Al4Ce1Ni1,66.3167,mp-134
Ge1Te1,40.5743,mp-134
Al1Si1Sr1,39.1042,mp-134
Cd1Pd1,38.0164,mp-134
Al1Pd5,46.2551,mp-134
Co2Si1V1,83.3144,mp-134
Mg1Ni2Sn1,45.5282,mp-134
As2Ge1Zn1,37.239,mp-134
As2Ca1Mg2,36.2179,mp-134
Ni1Zr1,27.6084,mp-134
Er2O7Tc2,99.3199,mp-134
C7V8,172.682,mp-134
Co1Te2,30.1472,mp-134
Dy1Rh3Si2,100.833,mp-134
Lu3Os4Si13,86.5465,mp-134
H2V1,84.1551,mp-134
In3U1,33.5232,mp-134
Fe2Ga1V1,142.245,mp-134
Cu6O8Pb1,39.0343,mp-134
O3Sn1Ti1,88.0491,mp-134
Ga1Ni3,40.5033,mp-134
As7Mg6Ni16,53.07,mp-134
Nb1S1,93.9336,mp-134
Cu1Rh2Sn1,58.7645,mp-134
Ir2P1,108.604,mp-134
Be1C1N2,292.511,mp-134
Ho1Se1,27.2323,mp-134
Ge1Pd1,40.4574,mp-134
Ce1Ir2,80.9865,mp-134
Os1,257.753,mp-134
Ho1,30.9191,mp-134
Pa1Rh3,83.1476,mp-134
Au1Hf1,58.1804,mp-134
As1Dy1,50.6182,mp-134
Er1Pd2Si2,53.389,mp-134
Os1P1Zr1,116.036,mp-134
Bi1Ir1Se1,66.5469,mp-134
Au3Ho3Sb4,39.0918,mp-134
Ba1Ge1Pt1,22.5945,mp-134
Se3Sn1Tl4,15.2762,mp-134
Ag2Ba1,14.1632,mp-134
Pt2Si1,35.313,mp-134
Ca2Ge2Ni3,40.3887,mp-134
K2O3Pb2,13.0747,mp-134
F1S1Y1,34.0342,mp-134
C1,452.263,mp-134
Co1Si2,63.4979,mp-134
Hf4Ni1P1,46.8318,mp-134
Er1Tl3,10.0798,mp-134
Ca3N1Sn1,9.36061,mp-134
F1Na1,28.921,mp-134
C1Ge1Ni3,54.0073,mp-134
Nb2O7Sn2,97.4137,mp-134
F1K1,13.3816,mp-134
Ni2Sc1Sn1,52.4607,mp-134
Ba1Pt2,36.224,mp-134
Ba2O4Zr1,55.9163,mp-134
Ba1Pt5,60.18,mp-134
N1Nb4Ni2,105.439,mp-134
Ca1In2Pd1,25.7957,mp-134
Ge3Ir2Tb3,52.1365,mp-134
Ir1Te2,55.0072,mp-134
Cs1Cu1O2,12.0383,mp-134
Al2Ca1,43.1928,mp-134
Al4Zr5,46.061,mp-134
Mn1Ni1Si1,36.12,mp-134
As1Ca3N1,51.8255,mp-134
As1Nb3Te3,46.7455,mp-134
Cu1Mg1Y1,20.85,mp-134
Ce1Co1Si2,75.5773,mp-134
B1Os1,219.18,mp-134
Pt1Sc1Zn1,45.5517,mp-134
C1Dy3In1,59.957,mp-134
Pt1Sn1Tb1,36.6895,mp-134
Er1Ni1Sb1,58.0298,mp-134
Ba1Bi1O3,55.2983,mp-134
Co2O7Sb2,84.8588,mp-134
Dy5Rh3,24.0066,mp-134
N1Nb1,152.506,mp-134
As1Ba1Pd1,23.4753,mp-134
La3Te4,22.1022,mp-134
F4K2Zn1,23.1885,mp-134
Bi1Lu1Ni1,47.4814,mp-134
Ba1Ce1N2,51.4339,mp-134
As1Cu3,37.4389,mp-134
Dy2O7Ti2,102.479,mp-134
Cr1Te1,1.51943,mp-134
Hf1P1V1,112.545,mp-134
Pb1Te3Tl4,14.9566,mp-134
Pt3Sc2Si2,84.9429,mp-134
S1Ta1,84.7144,mp-134
Dy1Ge2Rh2,64.8413,mp-134
Ca1P1,33.3292,mp-134
P3Ru1,115.241,mp-134
B2Ir3Th1,130.527,mp-134
O2Os1,109.135,mp-134
In1Pt1Sr1,25.9358,mp-134
Pt2Sr1,48.487,mp-134
K1O3U1,66.0742,mp-134
Au4Yb1,16.6462,mp-134
Ca1H2,33.8732,mp-134
Bi1In1,14.513,mp-134
F3K1Mn1,28.8364,mp-134
Ca1Mg1Si1,40.9523,mp-134
F3Mg3N1,80.8871,mp-134
Ho1Os2Si2,84.1787,mp-134
As4Ca3In2,27.8566,mp-134
Be1F2,20.3938,mp-134
Ni12P7Yb2,61.4557,mp-134
C1Ni1,69.5103,mp-134
Cu2Dy2In1,27.5526,mp-134
Pb1Te1,24.2659,mp-134
Ru2Si2Y1,81.3369,mp-134
In1Pd1Y1,26.7248,mp-134
Pd1Ti2,52.4326,mp-134
Mn1Pd2Sb1,28.5953,mp-134
Ge1Pd1Ti1,60.2413,mp-134
Bi1Nd1Pd1,33.9729,mp-134
Cs2Te1,3.92002,mp-134
Sb1Zr2,30.4691,mp-134
Dy1Pt1Sn1,51.1895,mp-134
Al2Au2Th1,51.219,mp-134
Hf1Re2,61.2621,mp-134
Cu3Nb1Te4,18.7865,mp-134
Cu2Hf1In1,51.7826,mp-134
Ni1Si1,50.7458,mp-134
As2Ba1Rh2,42.2167,mp-134
Ca1Te1,23.3872,mp-134
Ag1O3Sb1,67.0471,mp-134
C2W1Y1,116.218,mp-134
Si3V5,110.243,mp-134
Ce1Rh3,76.3916,mp-134
Er1In1Pt1,31.1904,mp-134
Mg1Sc2Se4,20.6461,mp-134
Ho2In1Ni2,35.3271,mp-134
Eu1O3Ti1,106.448,mp-134
Ge1Os1Sc1,100.549,mp-134
Ca1Cd1Ge1,36.6211,mp-134
Dy1Ge2Ni2,46.9478,mp-134
P7Ru12Sc2,97.2865,mp-134
Mg3Nb6O11,88.243,mp-134
Ga1Ni2V1,53.8583,mp-134
Al1F6K3,13.1563,mp-134
C1Er3Tl1,12.349,mp-134
C1W1,272.31,mp-134
P1V1,90.3895,mp-134
Ru1Te2,65.9766,mp-134
Ni1P1Ta4,104.714,mp-134
Cu2Dy1Ge2,56.3441,mp-134
Nb1Rh1Sb1,41.3594,mp-134
B1V1,218.681,mp-134
Rh3Te2,53.0537,mp-134
Be2Zr1,96.0126,mp-134
Se1Yb1,33.7127,mp-134
Cu1Mn3N1,49.6012,mp-134
Ca3Cr1N3,49.2899,mp-134
Bi1Na1,14.1892,mp-134
Br6K2Re1,5.84215,mp-134
Ce1Fe4P12,126.252,mp-134
Ge2Ir2La1,52.1613,mp-134
In1Li2Pt1,20.3129,mp-134
Al1Hf1Pt1,69.2615,mp-134
Sr1,5.39757,mp-134
Pd2Si2Sr1,38.8457,mp-134
Ca1In2O4,40.4029,mp-134
Os1P2,155.49,mp-134
Cd1Se4Yb2,10.7181,mp-134
Nb1Pd1Si1,80.6925,mp-134
Cd1Cl8Na6,12.5747,mp-134
Al2O3,146.201,mp-134
Ca4Cl6O1,15.8241,mp-134
Dy2Ge2In1,33.5023,mp-134
Os1Zr1,108.724,mp-134
Hf1Rh1Sn1,49.8145,mp-134
P2Pd2Sr1,49.5872,mp-134
Pu1Ru1,10.0903,mp-134
H3Li1Sr1,9.99763,mp-134
C1Nb2P1,137.344,mp-134
Al3Sc1,60.6497,mp-134
Ba2Si46,50.1495,mp-134
O4S1Sr1,14.1191,mp-134
Mg1N2Si1,104.722,mp-134
B8Nb7Ru6,168.042,mp-134
Au1C2Li1,22.9718,mp-134
Ba6Mg23,15.2275,mp-134
Ag1Se1Tl1,11.5694,mp-134
Hf1Ni2Si2,78.4269,mp-134
C2Na2Pd1,23.0544,mp-134
Pt1Y1,34.6897,mp-134
Au1Ba1P1,32.7796,mp-134
Ga1Pt1Y1,30.7154,mp-134
Mg1Ni2Sb1,46.1602,mp-134
Mo2Zr1,56.5609,mp-134
La1Se1,26.1686,mp-134
K8Si46,53.115,mp-134
Ni1Sb1Tb1,55.4818,mp-134
Co1P1Zr4,33.8374,mp-134
Al1Au1Yb1,26.9018,mp-134
F3K1Zn1,38.0213,mp-134
Mn1Sc2Se4,19.8656,mp-134
Co2N1Ta4,109.061,mp-134
Li1Si2Y2,44.9454,mp-134
Cd11La1,27.198,mp-134
Cu2Se1,11.9294,mp-134
Ag1Dy1Pb1,33.5023,mp-134
Ag1I1,5.08336,mp-134
Dy1In1Pd2,31.4763,mp-134
Cr2O6W1,105.376,mp-134
Ga1Hf1Ni2,13.58,mp-134
As6Ru7U4,84.6489,mp-134
Na3Sb1,13.247,mp-134
Mn2Te4Zn1,7.54221,mp-134
Li1Pt1,50.1211,mp-134
Al2B2Ru3,98.1855,mp-134
Au1Ge4Rb3,9.10504,mp-134
Ge2Ru2Tb1,60.8517,mp-134
Cu2In1Zr1,51.5632,mp-134
Co1Ni1,66.2888,mp-134
B1Rh1,99.4715,mp-134
Al1Li1,30.7801,mp-134
Sn1Ti2,49.7437,mp-134
Cr1Si2,153.642,mp-134
Ge2Pd2Th1,49.8982,mp-134
Dy1Mg1,22.4531,mp-134
C1S1Zr2,113.178,mp-134
Cl6K2Ti1,5.54023,mp-134
Co1La1Si3,69.4464,mp-134
Ru2Si3,111.357,mp-134
Ge3La2Li2,44.7032,mp-134
Cu1Si1Y1,61.7676,mp-134
Re1Ti2,77.459,mp-134
Er1In1,20.8477,mp-134
Co1N3,96.6351,mp-134
Mo1Zn6,44.8611,mp-134
Au1Si1Y1,36.9997,mp-134
Fe2W1,57.9002,mp-134
Ni2Sn1Zr1,50.9363,mp-134
Ca1P2Rh2,75.0004,mp-134
Hg1O2Rb2,11.6,mp-134
Ba1Br1H1,15.9332,mp-134
C1Tl1Y3,61.7243,mp-134
Be2Cu1,119.982,mp-134
Li3Sb1,26.0453,mp-134
Ge2Os2Th1,85.6128,mp-134
I1Rb1,5.62036,mp-134
Ga1Rh1,54.5715,mp-134
Co1Hf1Sn1,35.5362,mp-134
Co2Si3Zr3,86.8755,mp-134
Se4Ta1Tl3,7.30807,mp-134
Au2Ga1,23.1175,mp-134
Rh1Sc1Si1,75.6949,mp-134
Ho1Tl3,11.3719,mp-134
Li2O5Si2,48.8179,mp-134
Se3Tb2,34.6457,mp-134
Pt1Ti1,20.2094,mp-134
C1Ti2,68.7119,mp-134
Fe4O11Sr4,68.8482,mp-134
O1Pt1,47.1944,mp-134
Au1Lu1Sn1,36.7443,mp-134
N1Os1,183.873,mp-134
Er1Ge1Ru1,46.4393,mp-134
C1Th1,88.4978,mp-134
Hf1Si1V1,73.9976,mp-134
Bi4Ce3Pt3,42.0696,mp-134
As2Rh2Sr1,25.6896,mp-134
Er1Rh1,45.4771,mp-134
Al1La3,16.4821,mp-134
Nb3Os1,83.9776,mp-134
Ni1Sb1Yb1,16.0426,mp-134
Cu1Hf5Pb3,56.0383,mp-134
Cl6K2Sn1,4.96348,mp-134
Si1Th1,44.7847,mp-134
Ni1Si2,42.6616,mp-134
Sb3Si1Zr5,71.3399,mp-134
Br1Se2Tl5,9.85813,mp-134
B2C2Er1,123.236,mp-134
Rh2Tb1,59.6646,mp-134
Ba1Mo3Se3,30.412,mp-134
Er5Ge3,56.2337,mp-134
As4Na8Ti1,13.277,mp-134
Al3V1,97.4769,mp-134
In1Pt5Si1,66.7248,mp-134
Pd2Si2U1,55.4095,mp-134
Al2Yb1,43.146,mp-134
Ge1Th1,42.4883,mp-134
C1O2,2.29548,mp-134
Ba1Ge2P2,30.7249,mp-134
Ba1Zn1,15.3945,mp-134
B1Er1Rh3,90.4982,mp-134
Al0.4C0.2Mo0.6,66.4698,mp-134
Ge1O3Pb1,94.415,mp-134
K1N1,8.52916,mp-134
Rh3S4,72.5052,mp-134
Dy3Ga1O6,62.627,mp-134
B2Ir1Mo2,143.153,mp-134
Ba1P1Pt1,31.6647,mp-134
Ag1Ga1S2,21.4874,mp-134
Al1Bi1O3,115.826,mp-134
Co2Fe1In1,63.7306,mp-134
H3Pd1Ti2,49.5977,mp-134
Be3P2,80.9284,mp-134
N2Ni1O6,14.2109,mp-134
Al2Th1,60.6511,mp-134
Au1Ca1P1,34.3122,mp-134
Be1Cu1,64.8486,mp-134
Na2Te1,11.9053,mp-134
Er2Ni1Sn6,34.0264,mp-134
C1Ti1,177.762,mp-134
Cu1S4Zr2,29.8649,mp-134
Al7Cu16Yb6,37.6697,mp-134
B1Sb1,83.7027,mp-134
Cd1Ho4Rh1,29.8038,mp-134
Fe1P1Ta4,63.3677,mp-134
P2Pt5,57.9136,mp-134
B2C1U1,148.133,mp-134
Hg2O7Sb2,70.2818,mp-134
Nb1Rh3,142.012,mp-134
Cd1Cu1Dy1,29.2751,mp-134
Hf1Nb1P1,100.707,mp-134
In2Sr1Te4,12.3909,mp-134
Br6K2Pt1,6.06005,mp-134
Ni1Sn1Tb1,37.6546,mp-134
As2Ca1Pd2,27.0643,mp-134
Hf2Ho2O7,96.6444,mp-134
In1N1Sc3,76.3972,mp-134
Ca2Si1,21.9906,mp-134
S2Th1,29.2936,mp-134
Al1Se2Tl1,14.2197,mp-134
B6Tb1,72.8525,mp-134
Al2Hg1Se4,24.4762,mp-134
Au1Ho1In1,38.96,mp-134
Ag1Y1,34.2674,mp-134
B6Hf2Ni21,78.3276,mp-134
B1Mg8Rh4,29.0538,mp-134
Cu1S2Tl1,21.9724,mp-134
Cd1Mg1,21.0612,mp-134
Pt1Zr1,52.7275,mp-134
B2Os1Tb1,127.495,mp-134
Al1F5K2,14.0714,mp-134
Ge1Ho1Mn1,67.4118,mp-134
Bi1Ga1O3,92.9318,mp-134
Ba1Mn1O3,68.8823,mp-134
Cu1Ho1,34.1809,mp-134
B2Co3Y1,127.109,mp-134
F6Sn2,18.147,mp-134
Er1Pb1Pd1,37.7348,mp-134
B2Mo2Nb1,165.997,mp-134
Os2Si2Tb1,87.3053,mp-134
Ho5S7,39.2828,mp-134
As1Co1S1,99.2889,mp-134
Rb1Te2Y1,15.9533,mp-134
Ag2Ho1,25.2027,mp-134
Dy1S1,44.1197,mp-134
Ag1Cu4U1,27.8055,mp-134
Al3C3Y1,135.287,mp-134
Ag1Ho1Pb1,32.9778,mp-134
Cl6Mn1Rb2,5.96607,mp-134
Ca1Cs1F3,26.8264,mp-134
Os0.67W1.33,146.477,mp-134
Be1Se1,67.4314,mp-134
Cr2Hg1O4,49.3109,mp-134
As2Hg1O6,38.7526,mp-134
Os1Sb2,88.633,mp-134
Ba2Sn1,10.3423,mp-134
Ge3Ir1Sr1,41.72,mp-134
Na3P1,16.4395,mp-134
Ba2Hg1,10.0205,mp-134
C1Tl1Zr2,77.8054,mp-134
Li1N1Zn1,94.4134,mp-134
Sb1Sr2,19.9598,mp-134
Au1Mg1,28.7336,mp-134
Er1Pt2Si1,55.6242,mp-134
Ni1P1S1,53.5683,mp-134
Be2Fe1,122.369,mp-134
H3U1,68.3144,mp-134
Ba1Ce1O3,51.9036,mp-134
C8Cs1,64.5218,mp-134
Ca1Pt1Si3,41.5738,mp-134
Be1Pd2,56.7871,mp-134
Mo8P5,112.188,mp-134
Ni2Sb1Ti1,44.3604,mp-134
Ag2Ge1Li1,21.5575,mp-134
Cu1Hf1Hg2,15.6848,mp-134
Li23Sr6,7.41574,mp-134
Pt5Se4,46.8773,mp-134
Ni1S2,50.5336,mp-134
P1Rh1Se1,89.2896,mp-134
Al3La1Pd2,49.6809,mp-134
Ba3Pb5,15.1379,mp-134
Ti1Y1,24.0872,mp-134
Ca1O3Pt1,71.2995,mp-134
Ru2Si2Tb1,81.1686,mp-134
Ga2Mg1O4,77.7113,mp-134
Al3Os2,120.215,mp-134
Mg2Pt1,39.6907,mp-134
As7Ho2Ni12,52.5565,mp-134
Cl4Mg1Na2,12.5528,mp-134
Dy1Se2,38.4093,mp-134
Ca1Pt5,68.69,mp-134
Ga1P1Pt5,66.4697,mp-134
Ce1O4V1,37.6144,mp-134
Al2Au2Dy1,37.7841,mp-134
Ca3Tl1,9.6795,mp-134
Li1Mg1P1,23.384,mp-134
Ge13Ir4Y3,72.0142,mp-134
Al1Au2Sc1,16.8456,mp-134
B1Li3N2,48.5187,mp-134
Ho1Pt2,69.3055,mp-134
Rh2Si2Th1,94.9877,mp-134
Mn1Pd2,40.3771,mp-134
Ag2Ca1,14.6922,mp-134
Pd1Sb1Se1,28.5544,mp-134
Ru1Sb1Ti1,39.7538,mp-134
Ce1Se1,35.1619,mp-134
Er1Ga1Ir1,34.2449,mp-134
N1Tc3,172.606,mp-134
Al3Er1,61.7631,mp-134
S2Y1,44.5436,mp-134
Pd1Sb1,26.9109,mp-134
Pb3Pr1,22.3319,mp-134
Mg1Te1,12.0415,mp-134
H1Mg1Ni1,52.3273,mp-134
N1Th1,85.9167,mp-134
C1Sn1,76.9655,mp-134
B1Lu1Rh3,96.4006,mp-134
Br3Ca1In1,6.87816,mp-134
Nb1Se4,33.8226,mp-134
Ru1Si2,108.031,mp-134
Bi1La1,25.8958,mp-134
Nb1P1Zr1,100.268,mp-134
Ba1Pt1Sb1,21.7037,mp-134
Al1C1Tb3,57.7903,mp-134
Bi3La4,23.5667,mp-134
Ni1Tl1,24.5569,mp-134
Fe1O2Sr1,58.0857,mp-134
O7Pt2Tl2,84.9562,mp-134
Au4Cr1,27.3061,mp-134
Ge7Ni16Sc6,62.8429,mp-134
Cl6K2Mn1,6.5614,mp-134
Ag1Ho1Sn1,38.7516,mp-134
Ge2Pt1,46.2322,mp-134
C1Ce1,72.8587,mp-134
P3Rh1,95.0343,mp-134
Au1Hf2,55.6611,mp-134
Cd1F2,28.4979,mp-134
Al1Hf2,52.8378,mp-134
C1Dy3Pb1,58.0406,mp-134
Ho2O3,65.7443,mp-134
Ni2P2Tb1,88.9996,mp-134
Ce1Co1Si3,75.7581,mp-134
As2Th1,49.0473,mp-134
Br1Tl1,5.83428,mp-134
Ge1Li2O3,39.6643,mp-134
Al1Li2Pd1,26.0476,mp-134
Ca2Pb1,14.9457,mp-134
Bi1Li1,10.2563,mp-134
Ir2La1,70.0822,mp-134
Ge1O6Se2,34.4496,mp-134
Ge2Mg1Y2,56.6985,mp-134
Li1Pb1Pd2,15.127,mp-134
Ga3Rb1,23.4283,mp-134
Al1Ca1Si1,39.781,mp-134
Au1Li2Sb1,19.6196,mp-134
As1Br3Ca3,22.4937,mp-134
La3Sb5Zr1,31.1682,mp-134
C1Zn3Zr3,65.3327,mp-134
Se2Ta1,15.2175,mp-134
Se3Sr1Zr1,24.1373,mp-134
Se1Tl1,4.1583,mp-134
Mn1Pd1Te1,19.2483,mp-134
Au1Tb2,18.6896,mp-134
Au1Mn1Sb1,18.2789,mp-134
Al1As1,38.9599,mp-134
Ho2S3,42.739,mp-134
N3V2,179.127,mp-134
Ga3U1,52.9001,mp-134
Br3Cs1Mg1,6.0372,mp-134
As2Ba1Ge2,26.9894,mp-134
Cd1Li2Pb1,11.4381,mp-134
Ir1Mg1Tb4,27.1808,mp-134
Al2Mg1,19.0372,mp-134
Mg1Se4Y2,19.1741,mp-134
Au2Sc1,44.4166,mp-134
La1Mg1,22.2898,mp-134
Ca1O4S1,33.7867,mp-134
Al2Co1O4,93.6272,mp-134
As1Er1Pt1,48.479,mp-134
Lu1Pt3,70.7192,mp-134
Ge1Li2Zn1,41.2531,mp-134
B2Mn1,111.453,mp-134
Ru5Si3,116.588,mp-134
La1Rh1Si3,57.1731,mp-134
Hg1Li1,15.9154,mp-134
As1Pa1,57.5952,mp-134
Au1C2Rb1,14.7529,mp-134
C2Co1Sc1,105.481,mp-134
Fe1N2W1,144.462,mp-134
Si1Ta2,103.417,mp-134
Nb1Zn3,76.0973,mp-134
As2Ru1,105.182,mp-134
Al3Dy1,57.6368,mp-134
Cd1Cu2Zr1,54.3777,mp-134
Ge1La3,16.7737,mp-134
Ba3Ge5,23.3873,mp-134
In2Rh1Yb1,26.423,mp-134
I1K3O1,12.9802,mp-134
Sn1Te3Tl4,14.8914,mp-134
As1Rb3Se16,3.86183,mp-134
C1Ru1,18.5393,mp-134
Al4Co1La1,59.6701,mp-134
P12Ru4Tb1,93.811,mp-134
F1Rb1,11.4269,mp-134
Dy1Ge1Ni1,56.0975,mp-134
La3Sn4,30.3273,mp-134
Rb2Se1,7.24792,mp-134
F2Kr1,4.0675,mp-134
Cd1Li2Sb1,10.8823,mp-134
Hg1Ho1,21.0546,mp-134
Er3In1N1,67.9568,mp-134
Al3Th1,41.4406,mp-134
Au1In1La1,27.1577,mp-134
Fe1Sb2Zr6,53.6366,mp-134
In1Ni2Zr1,42.623,mp-134
Al16Pt7Zr6,83.1316,mp-134
Al1Cu2Ti1,53.151,mp-134
F6Pd1Rb2,8.09145,mp-134
Bi1U1,25.4993,mp-134
B4Re1U1,200.704,mp-134
Mg1O3V1,24.5093,mp-134
As2Pt1,81.858,mp-134
Ag2Si2Yb1,36.5036,mp-134
Au1Cs1,7.06757,mp-134
Ho1In1Ir1,35.6683,mp-134
Ag1Ca1P1,40.6839,mp-134
Be1Ti1,68.813,mp-134
Ce1Os4P12,119.843,mp-134
Cu1Hf5Sn3,58.3335,mp-134
C1Lu1Rh3,82.2434,mp-134
Br1La5Sb3,33.9291,mp-134
B1Fe2,48.0521,mp-134
Ba1Se1,21.3093,mp-134
Cs2F6Si1,5.82934,mp-134
Pd1Ti1,13.4317,mp-134
Al3Y1,59.5354,mp-134
S3Tb2,41.9126,mp-134
Hf2Ni3Si4,93.1942,mp-134
Ag1Sr1,13.5338,mp-134
C1Cr1,224.943,mp-134
N1Rh2Zr4,60.0378,mp-134
Al1Y1,35.1237,mp-134
C1Ge1,147.253,mp-134
Be13Zr1,140.33,mp-134
Ag1Er1Si1,56.2685,mp-134
Al1Cu1Ti2,40.6606,mp-134
Au1Dy1Ge1,44.4089,mp-134
Br1O4Y3,36.8624,mp-134
Pu1Zn2,33.2208,mp-134
Sn4Th5,41.0495,mp-134
Nb3Si2,121.106,mp-134
Nd1Os4P12,106.12,mp-134
K1P2Rh2,34.8366,mp-134
F2Pb1,22.9807,mp-134
F6S1,1.525,mp-134
Er2Pb1Pd2,28.9659,mp-134
Nb1S2Sn0.333,41.643,mp-134
Dy5Ni1Pb3,32.1084,mp-134
B12U1,221.255,mp-134
La1Sn2,23.9169,mp-134
Mg1O2,84.0178,mp-134
Cd2Tb1,29.505,mp-134
Rh1Sn1Tb1,37.566,mp-134
Mn1Pt1Sn1,28.2427,mp-134
Fe2Ta1,45.9004,mp-134
Ho1Ir2Si2,107.473,mp-134
S1Zr1,52.2841,mp-134
N3Nb4,148.011,mp-134
Hg1Sn1Sr1,22.2914,mp-134
Cu1Ge6Y2,50.1991,mp-134
Co2S6Ta9,50.3488,mp-134
Ag1Cr2Te4,4.87635,mp-134
Cu1Sc1Sn1,43.608,mp-134
Ba3Cr1N3,19.6664,mp-134
Tc1Ti1,61.0762,mp-134
Cu2Ge1Li1,32.1313,mp-134
Al16Hf6Rh7,59.383,mp-134
F3La1,35.5401,mp-134
Ge2Ir2Tb1,47.7442,mp-134
Pt1Sn1Y1,49.1232,mp-134
Au2Y1,35.5028,mp-134
Na2O4W1,31.5027,mp-134
Cd1Zr2,32.4397,mp-134
Ge3Ni1Y1,64.2116,mp-134
Gd1Hg1,22.2436,mp-134
Ir1Ti3,32.6409,mp-134
Dy2S3,38.8811,mp-134
Si1Sn1,35.269,mp-134
Au1Zn1,23.0968,mp-134
Br6K2Se1,5.47693,mp-134
Cl4K2Mg1,12.3397,mp-134
La2O2Te1,30.8472,mp-134
Ge2Rh2Sr1,56.3201,mp-134
Al7Cu16Zr6,69.4182,mp-134
C2Ge1Ti3,124.592,mp-134
F1Gd1S1,52.4819,mp-134
Rh1Th1,28.9417,mp-134
B2Ir1V2,159.556,mp-134
Cu1Ti2,64.8513,mp-134
I6Pt1Rb2,4.37401,mp-134
Ce1O2,76.6165,mp-134
Li2Se1,27.107,mp-134
Hf1Rh3,114.425,mp-134
B1Zr1,86.4251,mp-134
Be4Ca2N4,63.7384,mp-134
La2O5Pd2,49.0465,mp-134
Dy2O7V2,96.211,mp-134
N1Ni2Zr4,62.8107,mp-134
N1Tl1,35.8135,mp-134
Ru2Zr1,43.7016,mp-134
O4P1Sc1,77.8674,mp-134
Ga1Mn1Ni2,72.3044,mp-134
La1Ni2Rh3,66.0321,mp-134
Li1Mg8Si4,32.0125,mp-134
Pt1Sb2Zr6,60.9288,mp-134
Pd1Sb1Sc1,41.9792,mp-134
Eu1F2,30.4968,mp-134
Ca1Cd1Sn1,23.6487,mp-134
Ca1In4Rh1,34.1998,mp-134
Ag1Bi1Li2,13.9659,mp-134
H1Ta2,63.8499,mp-134
B4Th1W1,175.815,mp-134
As2Ir2La1,64.2912,mp-134
F2Hg2,12.4809,mp-134
Cr1,22.3074,mp-134
Ga1Mn1,31.433,mp-134
Nb5P1Si3,79.2017,mp-134
Rh1Te2,48.7375,mp-134
Ba1Pd1Sn3,20.4327,mp-134
F2Ni1,46.0346,mp-134
Nb1Ru3,116.147,mp-134
Ir1Sn1,56.0222,mp-134
Ca1Ni2,38.6512,mp-134
Dy1Sn2,34.7949,mp-134
Ce1Te1,24.1139,mp-134
Cd2Ge2Sr1,10.3886,mp-134
P2Si1,77.1816,mp-134
Li10Pb3,17.0055,mp-134
As1Pd5Tl1,46.99,mp-134
Ir1Zr2,28.7191,mp-134
Ag1Cu4Yb1,24.3509,mp-134
B6La1,110.64,mp-134
Ag1La1Mg1,13.451,mp-134
Cu1Er1Sn1,47.0704,mp-134
Hg1Zr3,57.8725,mp-134
Li2Mg8Si4,16.628,mp-134
B2Hf3Ir5,120.549,mp-134
Hg1Mn1,18.278,mp-134
Cu4Er1Pd1,33.9239,mp-134
In2Pd1Yb1,24.5413,mp-134
Ir1Pb1,48.7472,mp-134
Co1Ga1Hf1,68.0943,mp-134
Bi2O7Rh2,70.5491,mp-134
Cd1Sb2Sn1,17.528,mp-134
As2Ho2Ni1,50.0044,mp-134
Al2Co1Y1,44.5518,mp-134
In2S6Zn3,23.954,mp-134
Cr2Cu1S4,30.6237,mp-134
Pb3Th1,7.81244,mp-134
Bi1Dy1Pd1,36.1744,mp-134
Ga1Hf1Pt1,73.5992,mp-134
Ga1Ir1Li2,39.414,mp-134
Ni4P4Ta5,112.519,mp-134
Sb1Y1Zr1,38.6074,mp-134
Bi1Pt1,16.8856,mp-134
Al18Mg3Ta2,50.6731,mp-134
C1Hf2S1,126.276,mp-134
S2Sc1Tl1,26.9692,mp-134
Pt3Tl2,44.5263,mp-134
In1Sb1,20.3017,mp-134
Co1In2Se4,20.5788,mp-134
Al1Zr1,67.3865,mp-134
Mn1Se3Th1,29.2354,mp-134
Hg2Nb2O7,67.0091,mp-134
Cu1Ga1Zr1,59.8527,mp-134
La1Pt1,26.3449,mp-134
Bi1Pt1Yb1,22.9006,mp-134
C2Mg1,31.099,mp-134
K8Sb4Sn1,7.53775,mp-134
Pr1Tl3,20.0473,mp-134
Dy3Ge13Os4,61.9194,mp-134
N1Pt1,27.579,mp-134
Cu2Er1In1,39.5262,mp-134
H2Sr1,25.2789,mp-134
Mo3Pt1,74.8075,mp-134
Ge1Ho1Ru1,45.8885,mp-134
Br6K2Sn1,4.20815,mp-134
Cd1Dy4Rh1,29.6775,mp-134
La1Zn5,33.3197,mp-134
Al1Cu2Re2,85.3648,mp-134
C1Ho1Rh3,78.9042,mp-134
Cr1P1,60.9973,mp-134
As4Pa3,55.2665,mp-134
P2Rh3,67.8988,mp-134
Rh1S2,35.3893,mp-134
La1Pd1Tl1,22.3824,mp-134
Mg1Pd3,36.8473,mp-134
Bi1Pt1Te1,31.9049,mp-134
Ba1Te1,14.5297,mp-134
Dy1Rh1Zn1,33.049,mp-134
Ge1Hf1Ir1,88.5893,mp-134
Hg2Ho1,29.668,mp-134
B2V1,230.786,mp-134
B2Ru1,174.353,mp-134
Cd13Cs1,24.7651,mp-134
Mn1Sn2,64.0839,mp-134
In1Ni2Ti1,51.9468,mp-134
Os2Tb1,46.7413,mp-134
Ga1Pt1Ti1,58.8435,mp-134
H2La1,34.2856,mp-134
Dy1Ga3,41.4614,mp-134
C1Co2Ta4,110.39,mp-134
Mg6Mn1O8,100.445,mp-134
Cu4In1Yb1,40.2327,mp-134
Ni1O6Ta2,91.3279,mp-134
Cu3Te4V1,15.8333,mp-134
La1P12Ru4,96.8708,mp-134
Er3P6Pd20,36.001,mp-134
Be2Cs1F5,4.88564,mp-134
Au2Si2Th1,34.9619,mp-134
Ga1Mo3,111.204,mp-134
Ge3La1Rh1,46.1256,mp-134
C2Dy1Ni1,101.244,mp-134
Ga1Pd1Tb1,15.7381,mp-134
Er2S3,43.5928,mp-134
Pt3Zr1,99.2292,mp-134
Pd3Yb1,25.7224,mp-134
Ga2Y1,55.9578,mp-134
Pd2Zr1,38.2281,mp-134
Hg2Pt1,22.1898,mp-134
Tb2Tl1,22.8225,mp-134
Ag2Li1Sn1,17.5022,mp-134
C1Ta1,201.073,mp-134
In1Mn1Ti2,12.6885,mp-134
La1Sb1,29.0354,mp-134
Dy1P1Pt1,46.5847,mp-134
Sn3Tb5,42.8431,mp-134
Au2Ca2Pb1,20.9086,mp-134
Ni3S4,40.2721,mp-134
Fe1Pd3,46.8131,mp-134
S2W1,26.9516,mp-134
Ge4Y3,49.9264,mp-134
Er1Hg1,21.3509,mp-134
Ba1Hg1S2,16.6648,mp-134
Cd13K1,26.0962,mp-134
Al1Co2Hf1,70.9509,mp-134
B2Ho1Ru3,81.1447,mp-134
F6Pb1Zr1,20.6045,mp-134
In1Lu2Pd2,37.6929,mp-134
Er1Rh3Si2,101.238,mp-134
N1Nd1,88.3516,mp-134
Ag1Ca1Sb1,25.9516,mp-134
Ba1F3Li1,42.4103,mp-134
Cr1Ho1O4,56.9586,mp-134
As2Co1,87.5661,mp-134
Br6K2Te1,4.57394,mp-134
Al1Ge1Li1,52.4666,mp-134
Bi1Rh1Se1,53.2161,mp-134
Ge2Pd2Tb1,35.2526,mp-134
Er1Os2Si2,82.5267,mp-134
Dy1Li1O2,62.2611,mp-134
Ca1In1,19.1404,mp-134
Ag1As1Sr1,30.4051,mp-134
C1Zr1,156.986,mp-134
B6Gd1,76.3096,mp-134
Cd1S4Sc2,24.8254,mp-134
Dy1In1Pt2,37.5204,mp-134
Si1Zr2,87.9714,mp-134
Ca1N1Ni1,52.216,mp-134
Al2Mg1O4,98.1655,mp-134
O1Yb1,72.6857,mp-134
Cl2F12Pb7,15.4356,mp-134
C1Mo4Ni2,120.678,mp-134
Nb1Pt1Si1,80.5312,mp-134
In4Ni1Sr1,26.4273,mp-134
P1Rh1Ta1,71.1624,mp-134
Ag1Dy1Mg1,13.7627,mp-134
Cu1O2Sr1,44.3955,mp-134
H1Pd3Tl1,46.9119,mp-134
Au3Er3Sb4,39.7287,mp-134
S2Ta3,70.7928,mp-134
Ni2Zr1,57.3422,mp-134
In1Pt3,49.1811,mp-134
Br1K1,7.30057,mp-134
Dy1Pd1Sb1,40.7148,mp-134
Dy1O4P1,61.6764,mp-134
Cu4Mg1Y1,41.982,mp-134
Ni2O4Si1,99.3566,mp-134
O7P2Th1,29.2652,mp-134
Al1Ba1Si1,37.7146,mp-134
Se3Th2,34.1569,mp-134
B6Hf3Ni20,79.581,mp-134
Hf6Ni16Si7,96.8663,mp-134
Co1Si3Th1,66.4619,mp-134
Mo1Na2O4,33.5449,mp-134
As3Yb4,26.6923,mp-134
Au2Si2Tb1,47.3193,mp-134
Li1Pd1,31.2464,mp-134
C60K6,14.1672,mp-134
Au1Ca1Sb1,22.7214,mp-134
Ni2Si1Ta3,50.2073,mp-134
Al1Mg1Y1,44.7103,mp-134
Ru1Ta1,51.8273,mp-134
B12Hf1,192.287,mp-134
N2Se1Th2,52.9254,mp-134
Bi1Cu1Yb1,27.4566,mp-134
Cu1Rh2Se4,21.8185,mp-134
B2C2La1,114.415,mp-134
Ba1Cu1Sb1,30.1283,mp-134
As2Cu1Y1,53.9374,mp-134
Ce1Tl3,22.5359,mp-134
In2Mn1S4,23.4071,mp-134
Al1C1Er3,65.4864,mp-134
Pt1Sb1Sc1,51.0477,mp-134
C2Cd1N2,3.98418,mp-134
Si1Sr1,30.2479,mp-134
Ge1Sc1,52.602,mp-134
Be22Mo1,149.797,mp-134
Ge1Pt1Y1,54.8259,mp-134
Hf2Zn1,59.9778,mp-134
Cu4Mn1Sn1,50.936,mp-134
Al1Au1Y1,42.7155,mp-134
In1La1Pd2,29.7431,mp-134
Mg1Rh1,59.0882,mp-134
La3Ru4Sn13,31.6573,mp-134
Ir2Lu1,92.1875,mp-134
F2V1,33.6302,mp-134
Sn1Sr2,14.3915,mp-134
Br1O1Rb3,10.0861,mp-134
Cu1K1Se1,21.7113,mp-134
Na1O6Os2,71.03,mp-134
As1Cd1Pd5,44.8511,mp-134
S2Sn0.33Ta1,42.5838,mp-134
Cd3Er1,28.2784,mp-134
Mn2Si2Y1,61.8221,mp-134
Ru4Sn6Y1,53.5419,mp-134
Ni1P3,77.1695,mp-134
Th2Zn1,21.5134,mp-134
Er4Ge6Os7,80.756,mp-134
Li1Sb1Sr1,25.4897,mp-134
Ga3Os1Tb1,62.6914,mp-134
Pt2Ta1,77.6531,mp-134
Ho1Pt2Si1,53.1094,mp-134
V2Zr1,5.54523,mp-134
Nb3Tl1,34.0505,mp-134
Au2Cl6Cs2,11.7159,mp-134
Ba1Sn1,16.1083,mp-134
La3Sn7,24.8106,mp-134
La1Pd5,44.2282,mp-134
Dy1Pt1Sb1,47.4922,mp-134
Ge1Ru1Sc1,85.1216,mp-134
Ca1Cd1,21.3049,mp-134
Dy1Pb1Pd1,36.2122,mp-134
Ge1Ir1Zr1,89.3715,mp-134
Pd1Y1,27.7271,mp-134
I1Tl1,7.15777,mp-134
Mg2Th1,25.466,mp-134
Co1Sb1Ta1,68.8971,mp-134
Dy4Mg1Rh1,26.9598,mp-134
Cu1Sc1,42.4958,mp-134
Rh2S3,77.5584,mp-134
C2Y1,39.1733,mp-134
Mg1Ni1Sb1,41.7644,mp-134
La7Pt3,16.4971,mp-134
Pd1Sb1Zr1,35.7692,mp-134
Au1In2,19.7371,mp-134
Dy1Ir2,88.4868,mp-134
Ba1O1,28.4045,mp-134
Er1Zn1,30.9824,mp-134
Ga4Nb5,90.3831,mp-134
Er1Pt1Zn1,33.3655,mp-134
Pt2W1,129.105,mp-134
Co1O3Se1,46.6896,mp-134
Al1Ir1,119.654,mp-134
Ag3O4P1,19.0541,mp-134
O3Sc2,78.4062,mp-134
Ba1Ir2P2,52.8728,mp-134
Al1Mg3Pt2,44.398,mp-134
N2Os1,54.4379,mp-134
B2C1Sc1,145.727,mp-134
Al1Fe2V1,158.231,mp-134
Cs1K2Sb1,8.08518,mp-134
Ca1Tl1,16.1318,mp-134
Ge2Ho1Rh2,63.9685,mp-134
Er5Sb3,36.4382,mp-134
Ba1O3Sn1,82.4841,mp-134
Cu1Sn3Zr5,61.1478,mp-134
Gd1O1,44.0226,mp-134
Al2Pd5Y1,56.9606,mp-134
Re2Sc1,71.1585,mp-134
Ge3Ta5,93.2071,mp-134
Re2Zr1,54.089,mp-134
Bi1Ni1Zr1,39.4577,mp-134
Li1P1Sr1,37.2487,mp-134
B1Be2,136.525,mp-134
Er1H1,39.1808,mp-134
As1Bi1O4,38.6177,mp-134
Ag1Ho1,27.4957,mp-134
Er1Sb1,36.6332,mp-134
Mg1O1,117.258,mp-134
N2Sb1Th2,26.9478,mp-134
Sn3Y1,13.9596,mp-134
Ca1O3Zr1,84.9057,mp-134
Cu3Nb1S4,22.6395,mp-134
P1U1,28.4847,mp-134
Ca3Hg1,9.477,mp-134
O4Sn1Zn2,53.8081,mp-134
K2S1,9.84152,mp-134
Li1O4Ti2,73.3513,mp-134
Nb6Sn6Tb1,73.1205,mp-134
Sb1,18.0475,mp-134
Cr2Ga1N1,77.8289,mp-134
Cd3In1,8.17173,mp-134
Co2Ge1Mn1,44.0454,mp-134
In1Te1,17.4665,mp-134
Bi2Co1Hf6,62.0954,mp-134
Be13Ca1,123.031,mp-134
La1Tl3,19.1981,mp-134
Ag2Sn2Sr1,18.1047,mp-134
Ba1O3Zr1,91.0252,mp-134
Cu2Sb1,32.6394,mp-134
Ba1Pt1,19.9604,mp-134
Al16Ru7Sc6,67.0049,mp-134
Au6In5Na2,21.1719,mp-134
B1Ge3Nb5,110.686,mp-134
Cd1Cl3Cs1,14.5437,mp-134
C1Dy1Rh3,77.5014,mp-134
Ge1Ho1Ir1,62.8991,mp-134
Ni1P2,87.8053,mp-134
Ho1Ir1Si1,72.9757,mp-134
Cd1Lu2S4,25.1901,mp-134
Pt5Pu1,84.5745,mp-134
O2Te1,50.1321,mp-134
As3Rh1,70.8902,mp-134
Gd1Te1,23.6972,mp-134
As4Mg1,25.5644,mp-134
Cd1Se1,27.7529,mp-134
Co1Zr2,36.6271,mp-134
C3Ce2,84.9626,mp-134
Cl6Rb2Sn1,4.46512,mp-134
Ca1Ge1N2,50.2937,mp-134
Cu1Dy1Pb1,45.2295,mp-134
Al1Ge1Y1,55.5097,mp-134
Bi1Cu1Mg1,26.4678,mp-134
Dy3Ru1,26.0822,mp-134
As1Sn1,35.1129,mp-134
Ag1P1Pd5,40.3004,mp-134
Bi2Pd3S2,15.5591,mp-134
Re3Ru1,184.176,mp-134
Ge2La1Pt2,42.3528,mp-134
Mg1Si1Sr1,33.0252,mp-134
Ca1Hg1,23.2141,mp-134
Al1Bi1,22.6761,mp-134
La2O7Sn2,74.5631,mp-134
F4Pb1Pd1,20.1502,mp-134
Cu1Ge1Hf1,67.4868,mp-134
Dy1Ge1Li1,47.6093,mp-134
P1Pt1Y1,49.0643,mp-134
C1Ga1Nb2,109.923,mp-134
Mg1S1,18.4643,mp-134
La4Rh3,20.0513,mp-134
B6Th1,106.696,mp-134
Be1H3Na1,50.4941,mp-134
Ba1Cl2,12.9388,mp-134
Fe1S2,107.567,mp-134
Ge1Os1Zr1,96.4536,mp-134
K1Nb1S2,47.2397,mp-134
As2Ge1Mg1,25.6439,mp-134
Ho3Sn7,29.4414,mp-134
Ga3Tb1,41.234,mp-134
I1La5Sn3,28.3373,mp-134
Cu1Tb1,30.6741,mp-134
Cu1Dy1Si1,64.0902,mp-134
Cr1O4V1,55.204,mp-134
H1W1,156.449,mp-134
Au1Zr2,44.9212,mp-134
Hf1Os3,109.072,mp-134
Ge2La1Pd1,37.0087,mp-134
Ga3Ni5,59.6626,mp-134
Hg1Ti1,32.3061,mp-134
Ge2La1Pd2,41.0431,mp-134
Se2Th1,23.0695,mp-134
Pt3Sc1,75.724,mp-134
La2Sb1,29.3254,mp-134
Ag1F1,7.18921,mp-134
Cu3Dy3Sb4,50.733,mp-134
Ru1Sb1Ta1,72.1649,mp-134
Co2Si1Ti1,95.5746,mp-134
Sc1,33.319,mp-134
B3Ru2,174.733,mp-134
Te12Th7,28.064,mp-134
Fe6Ge6Hf1,59.4311,mp-134
Al2C3Th2,92.0811,mp-134
Hf1N2,62.8126,mp-134
Ce1,23.1276,mp-134
Hg2Th1,33.2413,mp-134
F6Na1Sb1,9.45592,mp-134
C1Co2Mo4,106.434,mp-134
Bi1N2Th2,28.1826,mp-134
C1Hf2In1,95.2567,mp-134
Cr1La1S3,45.4029,mp-134
Ag1Ti2,52.3196,mp-134
Al0.4C0.2Ta0.6,118.018,mp-134
Cu1Zr2,45.4699,mp-134
La4Pb3,24.9431,mp-134
C1Tl1,32.6696,mp-134
As1Ni1,48.5739,mp-134
In1Na5O4,23.276,mp-134
Pd3Pu1,46.9708,mp-134
O2Ti1,112.488,mp-134
Mo4N1Ni2,108.526,mp-134
Er2In1,26.7877,mp-134
Ag3Pt1,28.622,mp-134
Be13Ce1,129.108,mp-134
Bi1Li1Mg1,22.3933,mp-134
Be22Tc1,150.452,mp-134
H6Ru1Sr2,32.6517,mp-134
Ag2La1Si2,52.9965,mp-134
Ba1Nb1O3,86.1442,mp-134
O1Pd1,37.7032,mp-134
Tc1,133.49,mp-134
Ba1Cu2Se2,23.293,mp-134
Dy2Mg1Si2,60.6457,mp-134
Au2Si2Yb1,37.3043,mp-134
In1Ni2Sc1,54.7261,mp-134
P1Ru1,97.9619,mp-134
Dy1Os2Si2,86.5172,mp-134
Pd3Sn1,47.637,mp-134
O3Rb1U1,69.0141,mp-134
Cu1Hf4P1,41.2019,mp-134
Ag1F3Rb1,17.2245,mp-134
Ga1Pd1,45.9824,mp-134
C1Dy5Ge3,43.1529,mp-134
F6Hf1V1,32.833,mp-134
Dy1O4V1,49.8372,mp-134
Pb1Se2,18.5695,mp-134
Cr2Hg1Se4,23.6009,mp-134
Cs1F3Pb1,16.5431,mp-134
Na3Sb1Se3,10.3844,mp-134
Rh1Zr1,17.1067,mp-134
As2Ca1Fe2,65.8442,mp-134
B2Gd1,123.802,mp-134
Ir3Mo1,187.62,mp-134
Ru2Sc1,38.6035,mp-134
C1V2,115.072,mp-134
Ga1Se2Tl1,13.7304,mp-134
Er1P2Ru2,103.01,mp-134
Ba2Bi3,15.8243,mp-134
Mg1O3Se1,51.9047,mp-134
Al0.4C0.2Nb0.6,115.272,mp-134
Mg1Tl1Y1,39.2392,mp-134
Cl2Zn1,7.20121,mp-134
Ir1Sc2,31.7019,mp-134
La1Os4P12,108.606,mp-134
Rh1Si3Th1,58.9495,mp-134
Rh5Tb1,76.8101,mp-134
Si1Ti1Y1,58.3351,mp-134
Si2Y1,21.2651,mp-134
Fe2Ge1Ti1,137.164,mp-134
Ga1Pd2Sc1,30.5452,mp-134
N2Zn3,73.3224,mp-134
As1C1Nb2,118.741,mp-134
Pd3Ti1,70.8218,mp-134
F6K3W1,14.4763,mp-134
Al20La1Ti2,53.7629,mp-134
Ga2Th1,64.829,mp-134
Br1H4N1,9.2643,mp-134
Pd2Ti1,39.2704,mp-134
Ho2O7Ru2,90.5528,mp-134
F6Li1V2,35.7542,mp-134
Ir1Ti1,85.3584,mp-134
As1Cu1K2,10.5362,mp-134
Ho1S1,44.1591,mp-134
Mn1Te1,20.2234,mp-134
Ag1Gd1,17.8841,mp-134
B1P1,163.427,mp-134
Ir3Sn7,50.4401,mp-134
In9K1Ni2,20.9323,mp-134
Al1La1,33.7241,mp-134
Ba1Pd1S2,14.6376,mp-134
Na1O2,14.893,mp-134
C2N2Zn1,6.89903,mp-134
Ga1Ge1Li1,35.1859,mp-134
O3Se1Sr1,19.0344,mp-134
Rh2Sr1,35.1874,mp-134
In1Te2Tl1,12.0544,mp-134
Sb1Th1,25.6615,mp-134
Mg1Tb2,18.5495,mp-134
Al3Ir1,44.8847,mp-134
Bi1Dy1Ni1,48.9913,mp-134
Hg1I2,2.85067,mp-134
Fe1Hf4P1,39.3262,mp-134
Gd2O2Se1,57.9469,mp-134
Re2Y1,42.5799,mp-134
Be1O1,155.59,mp-134
Be1Ta2,123.594,mp-134
Rh1Si1Ti1,88.464,mp-134
C1Li2O3,46.468,mp-134
Pd2Si3Y3,57.4143,mp-134
Au1Y2,19.8529,mp-134
Rh3W1,127.254,mp-134
C1La3Tl1,33.3955,mp-134
Er1Os2,48.5468,mp-134
P12Ru4Th1,111.869,mp-134
La1Pd1,20.9193,mp-134
Ag1Er1Sn1,38.5785,mp-134
C1Rh1,66.1628,mp-134
F4K2Mg1,26.8133,mp-134
C1Os2Zr4,79.4066,mp-134
Ge2W1,115.569,mp-134
Ca1Pt2,57.7912,mp-134
Au1Th1,23.0615,mp-134
Os1Si3Th1,62.2178,mp-134
Pd3Y1,56.9067,mp-134
Be5Co1,128.477,mp-134
Pb1V3,32.7561,mp-134
Gd1S1,46.2202,mp-134
Al2Te4Zn1,19.1892,mp-134
S1,4.13798,mp-134
Ac1H2,30.9154,mp-134
Ir3Ti1,169.127,mp-134
O5Ta2,99.7348,mp-134
Os3Ti1,117.352,mp-134
B2Be1C2,153.144,mp-134
Cl6Rb2Se1,6.24219,mp-134
Be1Hf1,61.9621,mp-134
Al16Os7Sc6,77.994,mp-134
P3Tc2,121.806,mp-134
Mn1Si1Tb1,59.6171,mp-134
As1Be1Na1,33.7987,mp-134
Er1S2,46.2739,mp-134
Be1Zn13,28.3996,mp-134
Ge1Ni1Zr1,80.9198,mp-134
Br5Cs1Sn2,5.77115,mp-134
Dy1In1Ni1,31.8752,mp-134
Ca7Ge1,7.87138,mp-134
Ho1Mg2,16.3605,mp-134
Ba1Hg2Tl2,10.8115,mp-134
Ir3Zr1,158.84,mp-134
Cd1Hg2Ti1,20.7841,mp-134
Ir4Sn13Yb3,24.7352,mp-134
Cu7Zn16Zr6,48.2958,mp-134
Au1Mg1Yb1,18.6371,mp-134
Bi1Ir1S1,71.6259,mp-134
Dy2In1,25.8057,mp-134
Mo1Ni1P1,88.3064,mp-134
B4Rh4Tb1,89.3848,mp-134
Bi1Ca2,22.0317,mp-134
Al16Pd7Ti6,69.695,mp-134
In2Mg1S4,25.1646,mp-134
Er1Rh2Si2,90.0786,mp-134
Dy1Rh1,39.3185,mp-134
Be1Cl2,10.9692,mp-134
Cu3N1,37.4313,mp-134
Cu2Li1Si1,49.6448,mp-134
As1Cu3S4,25.8549,mp-134
Os4Sb12Sr1,46.2937,mp-134
Pd2Sb2Sr1,17.0698,mp-134
P1V1Zr1,106.797,mp-134
Te2Y1,25.4022,mp-134
Al2Er1Ni1,51.5808,mp-134
Cd1La1Tl1,25.4621,mp-134
Pd1Sb2U1,39.6809,mp-134
Ho3Ru1,28.0131,mp-134
Ge2N3Na1,76.5663,mp-134
F3Mo1,35.6462,mp-134
Ni2P2Th1,66.8826,mp-134
B1Ir6Zr2,145.083,mp-134
Er3Ru2,31.1152,mp-134
Er1Ge1Sn1,40.8181,mp-134
In2Pt1,23.0445,mp-134
Tb1Tl3,13.482,mp-134
Zn1Zr1,46.007,mp-134
Pd1Sc1Zn1,39.0704,mp-134
Al2Se4Sr1,18.2694,mp-134
As2Cd1Sr2,24.1197,mp-134
Co1Sb2,27.5785,mp-134
Hf3P2,80.6215,mp-134
C1Cd1,25.3362,mp-134
Pt1Th1,28.025,mp-134
B4Ti3,205.221,mp-134
Ce2In1Pt2,38.7951,mp-134
Ag1Li2Sb1,19.1983,mp-134
Pt3Zn1,51.5397,mp-134
Ag1In5Se8,13.1466,mp-134
Ir1S1Sb1,85.764,mp-134
Hf1P1,82.0453,mp-134
Er2Mg1,20.7923,mp-134
Nb3Sb1,80.7255,mp-134
Ga3Ru1Y1,59.7322,mp-134
Be13Mg1,99.2055,mp-134
La1Pd3S4,35.0021,mp-134
Li1Nb1O2,103.561,mp-134
Ir1N1,58.9194,mp-134
Ir1P1Se1,110.408,mp-134
Cd1P2,27.3997,mp-134
Nb3S4,50.7169,mp-134
Er1Sn2,33.6862,mp-134
Cd1In2Se4,14.8117,mp-134
Br4Ti1,0.652494,mp-134
As1B2P1,141.984,mp-134
Ba1Pb1Zn1,21.72,mp-134
Al1C1Ho3,61.4448,mp-134
Al5W1,95.1584,mp-134
Ba1Ga2,24.1547,mp-134
Be13Tb1,122.755,mp-134
C1Na4O4,13.3117,mp-134
Al2Hf6Pt1,63.4816,mp-134
Cu1I1,13.8328,mp-134
Ge3Pd1Sr1,25.0491,mp-134
Ho1N1,129.03,mp-134
Ni16Si7Ti6,94.8961,mp-134
Cs1O2Y1,39.561,mp-134
Be22W1,151.928,mp-134
Dy4Sb3,32.118,mp-134
Dy1Pt2,68.6807,mp-134
Ge1Rh1Tb1,38.0777,mp-134
Au3Ca5,14.5547,mp-134
Ru2Si2Th1,98.5712,mp-134
Er1O4P1,66.1798,mp-134
Al3Ni1,66.3202,mp-134
Cu2Ge2Sr1,43.377,mp-134
Au2Bi1,26.5625,mp-134
B6Yb1,79.402,mp-134
Ge1Hf1Mn1,72.247,mp-134
Er5S7,40.3305,mp-134
Te1Zn1,17.5261,mp-134
C1Ru3Sc1,145.547,mp-134
Co2Ga1Hf1,61.0838,mp-134
H3Mg1Ni1,36.2196,mp-134
Se2Zn1,29.5632,mp-134
As2Ba1Cu2,26.2641,mp-134
Be1Pd3,36.0099,mp-134
As1Tl1,18.7576,mp-134
Na2O1,28.7977,mp-134
Ga12Ho4Pd1,57.2485,mp-134
Cs2I6Te1,4.08731,mp-134
Al1Y3,31.389,mp-134
Ge1Ru1Tb1,37.3594,mp-134
In1Yb1,15.3129,mp-134
Al1Pt1Zr1,61.1141,mp-134
Pt3Y7,17.1564,mp-134
Ni5U1,71.7746,mp-134
Cl2Mg1,5.76207,mp-134
In1Li2Mg1,21.9755,mp-134
In1Pt2Y1,37.4,mp-134
C60Rb6,14.0054,mp-134
Cs1Gd1S2,23.8103,mp-134
Co1P3,112.614,mp-134
La1Sn1,29.0874,mp-134
Bi2O3,20.0376,mp-134
Ag1Ca1,13.0578,mp-134
Ca1In2,28.4349,mp-134
Ca1Ir2,69.5119,mp-134
Ge13Lu3Rh4,58.5454,mp-134
Co1Nb1P1,115.817,mp-134
As2Ca1Ru2,57.4819,mp-134
Ge1Pt2,34.6854,mp-134
Nb3Sb2Te5,65.1794,mp-134
N3Ta1Th1,128.782,mp-134
Au1Pd3,48.4436,mp-134
Cd1Cu4Yb1,18.1119,mp-134
Be1Na1Sb1,24.232,mp-134
Cs1N2Nb1,30.5551,mp-134
H3Mg1Na1,28.1677,mp-134
Ag8Ca19N7,20.849,mp-134
Ca1Si1,39.0912,mp-134
Co1Er1Ge2,42.0523,mp-134
S1Zn1,34.8387,mp-134
Hf5Sn4,59.4829,mp-134
Ga3Hf3Nb2,84.6381,mp-134
Cu1Ga1S2,35.1155,mp-134
Ho1In1Zn1,42.4746,mp-134
I1Li1,5.00257,mp-134
Ba1S3,19.237,mp-134
Al2O5Si1,89.043,mp-134
Ag2Na1,15.9328,mp-134
Ag1C2Li1,17.0545,mp-134
Cu1Ge1Zr1,69.3162,mp-134
O2Tb2Te1,39.9971,mp-134
Ca2I1N1,32.2018,mp-134
Ni3Si1,85.1114,mp-134
B2Mg1Ni3,86.9569,mp-134
As2K2Ni1,12.1975,mp-134
Mn3Sb1,30.1232,mp-134
F1La1S1,42.978,mp-134
Bi1Ho1Pt1,40.4764,mp-134
Al2Fe3Si4,108.937,mp-134
Au7Cd16Na6,13.9833,mp-134
C1Os1,124.474,mp-134
B6Y1,64.5407,mp-134
O3W1,124.209,mp-134
As1Cu1Sr1,40.7894,mp-134
Se1,1.65057,mp-134
Cd1Hf1,33.9353,mp-134
Cd3Ho1,26.3701,mp-134
In1Li1Sn1,18.3308,mp-134
Hf1N1,158.737,mp-134
Dy1Pt1Si1,62.2755,mp-134
B6Ni21U2,64.9906,mp-134
Sn1Te5Tl2,9.17845,mp-134
F3Rb1Yb1,24.8352,mp-134
Ge1Ho1,56.0478,mp-134
Cd2Y1,31.735,mp-134
Fe2In1Ti1,92.5788,mp-134
Ca1F2,35.5991,mp-134
Dy1P1,59.1283,mp-134
Ge1Pd1Zr1,73.068,mp-134
Co2Cu1S4,37.6736,mp-134
Cr3N1Pt1,54.0256,mp-134
Ba1Li1Sb1,23.3092,mp-134
Au1S2V1,48.1316,mp-134
C1Si1,187.749,mp-134
Hf1O4Si1,107.243,mp-134
Al1H4Na1,22.7498,mp-134
Se1Ti1,26.4639,mp-134
Al2Au1,31.4044,mp-134
Br4Si1,0.712742,mp-134
In1Pt1Sc1,38.5773,mp-134
B1Pt1,49.9835,mp-134
Cr1O4P1,79.3379,mp-134
Li9N1S3,40.8513,mp-134
Si2W1,186.315,mp-134
Hg1Pd1,30.8463,mp-134
In1Ir1Tb4,22.8953,mp-134
F4Si1,5.68312,mp-134
C1Rh3Yb1,66.3743,mp-134
Ni1Sc6Te2,35.0555,mp-134
Ce1O7P2,33.328,mp-134
P1Ti1,82.8246,mp-134
Ho2In1,26.1111,mp-134
Cr2Hg1S4,30.7175,mp-134
Be5Pd1,123.408,mp-134
O3Pb1Tc1,67.0365,mp-134
Bi1Dy2O2,34.6725,mp-134
Cd1Er1,25.1596,mp-134
Cs1N3,6.97377,mp-134
Ge1P1,52.7496,mp-134
In1S2Tl1,21.7546,mp-134
Mn1Pd1,31.7073,mp-134
Nb1Pt3,85.7725,mp-134
Au1K3O1,11.7236,mp-134
Li4O4Pb1,38.0669,mp-134
Bi1Pd1Te1,23.3455,mp-134
Sc1Zn1,45.4127,mp-134
B2C2Dy1,123.463,mp-134
Co1Ta1,97.7341,mp-134
Al1Li1Te2,13.8082,mp-134
N2W1,222.264,mp-134
Ir1Th1,28.4933,mp-134
Ge7Hf6Ni16,76.981,mp-134
Pb1Se1,9.30123,mp-134
Ir3Ta1,209.468,mp-134
Ni3Sn1,65.9557,mp-134
Ba1Mo3Te3,28.5607,mp-134
B6Re1Y2,184.343,mp-134
Ge1V1Zr1,66.0227,mp-134
C1H1N1,192.098,mp-134
B12Er1,211.619,mp-134
Ag2In1Mg1,21.7626,mp-134
Na1S1,15.1286,mp-134
Li1O4V2,73.9236,mp-134
Cs1F1,9.3085,mp-134
Al1C1Dy3,58.4699,mp-134
Al3B6Ni20,81.1813,mp-134
Hf1O3Pb1,87.2365,mp-134
Al1Ho2,31.4079,mp-134
Ge1Zr1,71.0407,mp-134
Ag1O1Rb1,10.1089,mp-134
Ga1La1Pd2,26.9956,mp-134
Cu2Dy1In1,38.2549,mp-134
Al1Mn1Rh2,84.4098,mp-134
Er1Mg1Pd1,17.9007,mp-134
As1Na3Se3,9.62502,mp-134
Pd2Sn1Y1,24.3002,mp-134
Al1P1,46.3929,mp-134
P2W1,132.152,mp-134
Cr1La1O3,110.093,mp-134
Ho1Ir2,89.4601,mp-134
H2Pu1,19.4141,mp-134
As1Cd1Li1,30.1033,mp-134
Cl6Cs2Ti1,3.88153,mp-134
O4P1Pr1,43.5528,mp-134
Ge1O3Sr1,24.5563,mp-134
Be1Ni1,102.871,mp-134
Hf1Pt3,105.132,mp-134
Dy1In1Rh1,29.3081,mp-134
Fe1Se2,75.5732,mp-134
As1Cr1,44.7282,mp-134
S4Y2Zn1,30.2745,mp-134
Al1Ni1,77.8808,mp-134
C1Ga1Y3,61.5448,mp-134
K1Nb1Se2,38.3824,mp-134
Dy3Ge13Rh4,64.1561,mp-134
Bi1O3Sc1,70.2258,mp-134
Er3Ge4,51.2507,mp-134
Ba1H3Li1,6.32928,mp-134
Ba1Sn1Zn1,24.4352,mp-134
La1Si2,29.2571,mp-134
Hf5P7Pd9,53.1902,mp-134
Bi1Ca3N1,46.6457,mp-134
Eu1Se1,27.741,mp-134
Cu2Ge2Tb1,57.5391,mp-134
Mg2N3P1,86.5926,mp-134
Au2Ho1Si2,43.5591,mp-134
Ge1Pt1Ti1,54.4326,mp-134
Co2Fe1Ga1,66.0041,mp-134
Ca1Ge1Zn1,40.6894,mp-134
Ge2Mg1Tb2,55.8016,mp-134
Cu1Nb4Si1,85.7736,mp-134
Cu6Ga5Mg2,37.4998,mp-134
Rh1Sn1Th1,49.4848,mp-134
Cl4Cu1Rb2,7.58727,mp-134
O6Se2Sn1,19.9314,mp-134
Mg2Tb1,17.8344,mp-134
Er3Ga1O6,65.9093,mp-134
Ba1O3Pu1,57.0776,mp-134
As2Cs1Rh2,32.087,mp-134
Mg1Y1Zn1,27.0323,mp-134
Rh2Si2Tb1,91.7366,mp-134
P4Ru1,101.117,mp-134
Au1Ga2,16.3916,mp-134
Al1Zr2,40.8237,mp-134
Co4Ge13Y3,66.4485,mp-134
Ga3Hf5,65.4307,mp-134
Cd1I2,5.03448,mp-134
Ba2Si1,12.028,mp-134
Sb3Y4,31.6087,mp-134
Ni5P3Sr1,67.5445,mp-134
Dy4In1Rh1,32.9955,mp-134
Mg1O6Sb2,98.1738,mp-134
Ag3P1S4,12.5931,mp-134
Ga1Hf1Rh1,54.2713,mp-134
Cl1La1Se1,28.7845,mp-134
O1Pb1Yb3,42.4208,mp-134
Co1Ti1,86.4867,mp-134
Al2Cd1O4,68.9282,mp-134
In3Yb1,23.2169,mp-134
Ge1Ni2Zn3,41.0417,mp-134
Co2Sn1Ti1,57.6979,mp-134
In1Pd2Zr2,39.8786,mp-134
In1Pt1Y1,32.1934,mp-134
C1Mo1,181.109,mp-134
Ir2Si1,109.372,mp-134
Sb1Zr1,57.6057,mp-134
Dy1Tl3,11.3556,mp-134
Cu2In1Mn1,33.3533,mp-134
Fe1P1Zr1,83.6578,mp-134
C1Ni2W4,139.413,mp-134
Al1Cu2Hf1,52.4532,mp-134
Br1Eu1I1,11.9733,mp-134
Cl1Cu1,12.3674,mp-134
Hg1Pt3,11.7785,mp-134
Ga1Ni1Ti1,77.7809,mp-134
La1Ru1Si3,63.4977,mp-134
Dy1Pt2Si2,41.3417,mp-134
Ni1Sc2,29.143,mp-134
Cs1I2Li1,5.55007,mp-134
As2Ca1Cd2,30.6587,mp-134
Cu6O10Sr4,51.6622,mp-134
B7W1Y3,148.518,mp-134
Al1Mn1Ni2,59.9223,mp-134
Al2Zr1,86.0324,mp-134
Al1K1Te2,11.7749,mp-134
Ir1Si3Tb1,60.5694,mp-134
Er4Ga12Pd1,57.0992,mp-134
B1Pb1Sc3,64.3656,mp-134
Ho4Sb3,31.945,mp-134
Ag1Cd1,13.1851,mp-134
Ag1Zr1,39.8318,mp-134
Ge2Hf1,70.3852,mp-134
Fe2Hf1,55.503,mp-134
Mg3Sb2,18.686,mp-134
C60Sr6,35.242,mp-134
Au1Er1,32.1915,mp-134
Sn3Yb1,23.9784,mp-134
B1Ti1,184.565,mp-134
La1Pb1Pd1,31.5717,mp-134
Mo1Ni1P2,107.231,mp-134
Fe1Rh2S4,48.4032,mp-134
Ge2Ir2Th1,70.1879,mp-134
Hf1Mo1Si1,103.29,mp-134
Ca2O4Sn1,60.1214,mp-134
In1Li1Se2,14.7614,mp-134
O5Ti3,63.4889,mp-134
B1Pd2,48.4306,mp-134
Ba1,3.85914,mp-134
Br1Cu1,9.51071,mp-134
Pt2Yb1,55.5276,mp-134
Al2Th3,27.1579,mp-134
Si3Zr5,80.5935,mp-134
Al16Ni7Sc6,66.7567,mp-134
Cd2La1,21.292,mp-134
S2Si1,19.3253,mp-134
As1Ru1Zr1,84.1715,mp-134
In1Mn1Pd2,32.3854,mp-134
Rh2Y1,59.4382,mp-134
K1Na1S1,15.7058,mp-134
S3Y2,40.8741,mp-134
Al2Ni1Y1,52.8463,mp-134
Al6Tc1,71.1338,mp-134
Pt1Sb1Tb1,46.78,mp-134
Ir1Li2Mg1,25.9173,mp-134
Co1P2W1,109.447,mp-134
Ni2Si2Tb1,70.1006,mp-134
Au2Dy1,36.2354,mp-134
Er1Ir1,53.2223,mp-134
Ga1Zr2,51.321,mp-134
Tl1,4.34377,mp-134
La1Ru2Si2,77.3384,mp-134
Au2P3,30.2555,mp-134
Ga1Ho3O6,64.023,mp-134
Sn2Th1,37.4794,mp-134
Ir1S2,89.6017,mp-134
P1Tl1,24.8606,mp-134
Ge1Ir1Nb1,98.4751,mp-134
Sb3Yb5,26.2868,mp-134
Ca1Mn1O3,96.6525,mp-134
Pt1Sn1Ti1,49.0471,mp-134
Ca3Ge1O1,49.57,mp-134
Pd1Sc1Si1,51.0081,mp-134
H2Zr1,25.1683,mp-134
Cu1O2Sc1,44.7868,mp-134
Mg1Y1,23.0863,mp-134
Bi1O2Y2,33.2069,mp-134
Cr3Nb1,47.4103,mp-134
Ho1P1,60.039,mp-134
Cr1Er1O4,58.0425,mp-134
La4Mg1Ru1,18.8911,mp-134
Al2Os1,144.967,mp-134
Co1In8Y2,31.3873,mp-134
Mn1Ni3,49.5311,mp-134
O1.03Sc1,82.1343,mp-134
Dy1Re2,38.6058,mp-134
Hg1S1,16.0114,mp-134
Hf1In1Ni2,52.5444,mp-134
Hg2Sr3,10.2611,mp-134
In3Lu1,29.235,mp-134
Pt2Si2Th1,63.8185,mp-134
In1La1,20.1921,mp-134
Cd1Er1Ni4,54.8518,mp-134
B1Pd3Yb1,16.2499,mp-134
Be2W1,167.996,mp-134
Ba1Zn13,48.9859,mp-134
Dy1Ga3Ru1,60.1145,mp-134
B28,235.923,mp-134
Al4C1O4,67.3448,mp-134
Mn1Se1,36.1259,mp-134
Al1C1La3,33.187,mp-134
As2Ru2Sr1,45.8662,mp-134
Al9Ba1Co2,63.3263,mp-134
Hg1Mg1,24.9103,mp-134
Ir2Th1,77.5074,mp-134
Er1Ga2Ni1,51.6142,mp-134
C1Sc3Sn1,75.2363,mp-134
Cu1Na1Se1,20.5919,mp-134
C2Os1,189.066,mp-134
Cl6Rb2Te1,5.08128,mp-134
As1Er1,52.059,mp-134
Mo1Si1Zr1,100.073,mp-134
Ba1Ge3Ir1,45.5917,mp-134
La1P2Ru2,70.5609,mp-134
Ge2N4Si1,189.138,mp-134
Ho5Ni2Sb1,19.9463,mp-134
Co1Mo1P1,102.795,mp-134
Ge3Ir2S3,59.0542,mp-134
B1Sn3Zr5,72.9075,mp-134
Ge1Hf1Pt1,79.1295,mp-134
Al8Er1Mn4,90.1867,mp-134
Al1O2Rb1,42.756,mp-134
Ag2Ho1In1,19.0459,mp-134
Al1Er1,43.4052,mp-134
Cl6Cs2Ge1,4.5595,mp-134
Be5Pt1,154.204,mp-134
Ir3Nb1,205.429,mp-134
H1K1,9.76424,mp-134
Bi1Ho1Ni1,49.9108,mp-134
Cr2Se4Zn1,31.9658,mp-134
O2Re1,133.903,mp-134
As2Ni1,47.5362,mp-134
As1Sb3Zr5,56.5355,mp-134
B1C2N1,419.336,mp-134
Pd2Sc1Sn1,36.5286,mp-134
Er4Ge6Rh7,77.711,mp-134
Au1Zr3,41.1993,mp-134
Os3Th7,28.5659,mp-134
Al1Dy3N1,66.6728,mp-134
Nb1Ru1,24.0191,mp-134
Al1K1O2,38.3929,mp-134
Dy1Hg3,18.9735,mp-134
Ag1Co1O2,44.5326,mp-134
Ba1F4Mg1,29.5919,mp-134
I2Pb1,4.03999,mp-134
Ge3Pt2,53.307,mp-134
Ca1P2Pd2,47.1041,mp-134
In3Pr1,38.9309,mp-134
Ho1Re2,43.9516,mp-134
Dy1Ge1Ru1,44.6081,mp-134
In3Sc1,19.8065,mp-134
Ni1P1Rh1,65.2443,mp-134
Cu1Nb3Te4,29.9582,mp-134
Ga1In1Te2,14.1069,mp-134
Hf1Os1,124.999,mp-134
Co1O3Sr1,62.6012,mp-134
Cd1Na1Sb1,13.6792,mp-134
Ag2Si2Tb1,52.6362,mp-134
As2Sn1Zn1,29.8945,mp-134
O2Rb1Sc1,54.1388,mp-134
Ce3S4,38.7212,mp-134
Ni1Pd1Te1,37.9144,mp-134
As1Nb1,85.8105,mp-134
Ni2Si1Zn3,55.0876,mp-134
Ag1Er1S2,26.8156,mp-134
Pa3Sb4,41.6707,mp-134
As2O3,5.17245,mp-134
Cd1O3Ti1,87.2427,mp-134
O2Th1,76.3351,mp-134
Au3K2,13.1963,mp-134
Mo1Si2,176.801,mp-134
Au9In4,24.1223,mp-134
Bi1Co1Zr1,62.8457,mp-134
Mo1Rh1,97.986,mp-134
H1Ni1,72.1752,mp-134
P1Pt1Sc1,42.6131,mp-134
Au2Er2Sn1,30.494,mp-134
Ge3Ru2Tb3,52.666,mp-134
C1Nb1,201.772,mp-134
Ir1Sb1Te1,77.5991,mp-134
Au3K1Sn3,13.3818,mp-134
Ca1Cd1Pb1,20.5949,mp-134
Cl6K2Pd1,6.87649,mp-134
Ag1Cu4Nd1,29.511,mp-134
Cd1Er2Ge2,49.104,mp-134
Ir2Tb1,87.6401,mp-134
Bi3Ni1,13.05,mp-134
Os2Si2U1,99.258,mp-134
Dy3Rh1,14.033,mp-134
B4Ta3,199.133,mp-134
Ir3Pa1,126.094,mp-134
As1Sr1,23.7469,mp-134
Ge3La1Os1,52.2448,mp-134
Au2Yb1,18.4869,mp-134
La1Zn1,25.5562,mp-134
Ag1Au1F4,12.2222,mp-134
Co4Ge13Lu3,66.5866,mp-134
O4Pd3Tl1,37.8654,mp-134
Cl1La5Sn3,31.2423,mp-134
Au1Sc1Si1,58.3337,mp-134
Cu1Si1Ti1,74.0944,mp-134
Fe1Te2,58.1226,mp-134
Er1H2,56.9482,mp-134
Ga3Ru1Tb1,60.0281,mp-134
Hf5Sn3,43.5897,mp-134
Cs1F3Yb1,25.6383,mp-134
Au2S1,5.70553,mp-134
Ba8Si46,37.0118,mp-134
Y6Zn23,39.1011,mp-134
Ru3Zr1,62.9049,mp-134
Ag1La1,11.753,mp-134
Pt1Si1Y1,62.8864,mp-134
N2S1Th2,54.3416,mp-134
Dy1Hg2,30.3374,mp-134
Ge2Rh2Tb1,65.9136,mp-134
Co1Rh2S4,40.6839,mp-134
Ba1P2Ru2,50.6105,mp-134
In2Pt1Sr1,27.2544,mp-134
Al1Cr1Cu2,37.6162,mp-134
Nb3Te1,82.4947,mp-134
Cu4In1Tb1,48.9274,mp-134
Ag1Al1S2,32.5879,mp-134
Ge6Ho4Rh7,76.7779,mp-134
Se1U1,25.2334,mp-134
As2Er1Ni4,61.3166,mp-134
Ca1Si2,40.0246,mp-134
Br9Rb3Sb2,4.9532,mp-134
Ho1S2,46.0561,mp-134
Ga2Sc1,45.156,mp-134
B4Mn1,235.502,mp-134
Ba6C60,40.5485,mp-134
Bi3Sr4,14.0892,mp-134
B1Mo1,198.568,mp-134
Al2Ir1Li1,61.6907,mp-134
Rh3Ta1,146.732,mp-134
Au3Cu1,39.5206,mp-134
Mn1P1Zr1,75.6067,mp-134
O7P2Ti1,65.0563,mp-134
Au1Dy1Pb1,30.5857,mp-134
Er1Ni2Si2,70.1017,mp-134
Ca1Sn1Sr1,19.4128,mp-134
Sr1Zn13,49.3917,mp-134
Dy1Ni2P2,88.0928,mp-134
Mg1P1Pt5,66.4255,mp-134
Al1Ni3,56.061,mp-134
C2Dy1,40.4996,mp-134
B9Li1,182.544,mp-134
Cd3Sc1,20.9904,mp-134
Ge1Mn1Ni1,31.0176,mp-134
Er1Pt1Si1,63.848,mp-134
Br1Na1O3,14.6456,mp-134
Mg2O4Sn1,62.3512,mp-134
Li1Pd2Sn1,23.8786,mp-134
Ca2Sn1,17.0323,mp-134
P1Ru1Ti1,102.348,mp-134
In1Rh1Tb4,31.6391,mp-134
Ba3Mn1N3,22.2303,mp-134
P1Pu1,55.9239,mp-134
Mn1Ni4Y1,47.5465,mp-134
Fe1Ga12Y4,45.9265,mp-134
Au1Li1Sb1,3.7784,mp-134
Ca7Cl2H12,33.9317,mp-134
Ru1Sb1Zr1,45.0431,mp-134
Bi1Ni1Se1,37.8766,mp-134
Cu1Er1Si1,64.6869,mp-134
Ca1P2Ru2,80.5024,mp-134
Tl3U1,19.2436,mp-134
As2Zr3,61.961,mp-134
Li1,6.79437,mp-134
Ge3N4,152.941,mp-134
Re2Tb1,33.0189,mp-134
Er3Os4Si13,85.3611,mp-134
Bi1Ti2,21.831,mp-134
La3O7Ta1,70.2015,mp-134
Cu3Sb4Tb3,51.2928,mp-134
Au1Ho2,19.6498,mp-134
O3Pb1Ti1,91.625,mp-134
Sb1V3,74.9384,mp-134
Pt2Tb1,69.6221,mp-134
Ga1Pt3,52.9599,mp-134
C1H1,151.607,mp-134
Dy1Hg1,19.941,mp-134
Ge1V3,49.9376,mp-134
Ag1Cd1Sb1,5.16666,mp-134
Au1Li2Tl1,10.3824,mp-134
Ho3Tl5,18.2787,mp-134
B2Nb3,168.68,mp-134
Mn2O7Tl2,73.5629,mp-134
S3Th2,39.8772,mp-134
Cu1Sb1Yb1,35.0871,mp-134
Os2P2Sr1,52.3577,mp-134
Hf1Os1Si1,117.88,mp-134
In1S3Sb1,13.8149,mp-134
Hg2K1,4.6596,mp-134
Hg2La1,21.3644,mp-134
B1Ta2,175.675,mp-134
C1V1,215.561,mp-134
Pd1Se2Tl2,8.02879,mp-134
Ce2Ni12P7,72.9591,mp-134
Ho1Rh1Zn1,34.2526,mp-134
In1Sr3,8.42104,mp-134
As7Re3,79.0975,mp-134
Fe1Nb1Sb1,79.4436,mp-134
Pu1S1,44.2702,mp-134
Au3Dy3Sb4,38.7175,mp-134
Er1Mg1,24.678,mp-134
Co1Sc1,42.4054,mp-134
B2Co2Y1,105.117,mp-134
B1Co1W1,196.107,mp-134
Nb1Pd3,76.9974,mp-134
Pt1Sb1,27.0212,mp-134
Cr1F4Sr1,28.331,mp-134
Ni16Si7Zr6,90.9466,mp-134
Al16Ru7Zr6,56.688,mp-134
Ca1Zn1,11.4207,mp-134
B1H4Na1,12.4896,mp-134
O7Ru2Tb2,88.2898,mp-134
Ag1In5Te8,11.8548,mp-134
Ir2Si2Th1,86.0957,mp-134
O3Pb1Sr1,49.9059,mp-134
Fe2Re3,130.985,mp-134
C2Dy2Re1,74.2576,mp-134
Cd1Cu4Er1,48.2549,mp-134
Ho1Sb1,36.3212,mp-134
Dy2O1S2,36.5677,mp-134
Hf1Ir3,165.449,mp-134
Au1Ho1Sn1,40.4423,mp-134
Os4Sc11,35.6324,mp-134
B1W1,194.564,mp-134
Ca1Pt1Si1,22.8374,mp-134
Er1Pd2Sn1,29.4442,mp-134
Au2Ca1,14.2243,mp-134
N1Ru1,63.7829,mp-134
O1Sn1Yb3,45.1438,mp-134
Ba1Cu2Te2,21.3826,mp-134
Ca1Mg2,17.7739,mp-134
Ag3I1S1,8.55519,mp-134
Ga1Li1O2,47.439,mp-134
Ir1P2,128.802,mp-134
Dy1Si1,65.4643,mp-134
Mn1O3Sr1,90.5641,mp-134
Au2Hf1In1,28.1846,mp-134
Bi1Li3,21.715,mp-134
Au2Ho5Sb1,22.5926,mp-134
Ga1P1,51.3036,mp-134
Al9Co2Sr1,64.2909,mp-134
Ba1F4Pd1,16.8141,mp-134
Cu3Sb4Y3,49.8544,mp-134
Er2Ge2Mg1,58.469,mp-134
H6Os1Sr2,33.1533,mp-134
B2Ca1,105.72,mp-134
N0.2V0.6Zn0.4,121.063,mp-134
B1Hf1Rh3,102.297,mp-134
Hg3Yb1,11.1421,mp-134
Dy1Ge1Pt1,53.963,mp-134
Co1Dy1Ge2,45.7916,mp-134
Cl1K1O4,6.36062,mp-134
Al1Er1Pd1,35.1179,mp-134
Mo1P2,126.195,mp-134
B4Rh4Y1,92.907,mp-134
F3Na1V1,25.5723,mp-134
Bi1In1O3,57.6425,mp-134
Pd3Zr1,71.7182,mp-134
Cu3Se4Ta1,19.5632,mp-134
O1Sr1,55.0536,mp-134
La1Pd2Sb2,26.6863,mp-134
Al1Zr3,56.7269,mp-134
Au1In1Li2,18.9376,mp-134
Au2Mn1,23.2106,mp-134
Au1Er2,20.7146,mp-134
Cl1Cs1O4,5.02968,mp-134
Ge1Mn1Pd2,24.2927,mp-134
Cs2.67O16Te5.33,63.422,mp-134
La1Pb3,16.7332,mp-134
Mn1Pt1Sb1,33.3105,mp-134
Ho1Mn6Sn6,55.5767,mp-134
Ni1S1,41.3398,mp-134
Be13Th1,118.316,mp-134
Ge1Pt1Sr1,19.8123,mp-134
Ag1N1,31.6582,mp-134
Au1In1Tb1,38.5522,mp-134
Cd1La1,18.952,mp-134
Be5Sc1,101.866,mp-134
Mn3N1Zn1,51.585,mp-134
B1Sc3Sn1,66.8349,mp-134
Al1H3,32.6478,mp-134
Dy1N1,122.739,mp-134
Ni1P1W1,80.468,mp-134
Ge6Rh7Sc4,80.7823,mp-134
H6Na2Pt1,15.8809,mp-134
Co1Nb1,82.4977,mp-134
Ca3N3V1,49.56,mp-134
Cu1Dy2Ge6,55.2965,mp-134
Ir2La1Si2,68.1049,mp-134
Ge3Mo5,91.3827,mp-134
Cs1S2Tb1,24.598,mp-134
Se1Th1,50.7708,mp-134
Ru1Th1,31.8146,mp-134
Cl1Li1,18.5325,mp-134
Bi1O2,45.3571,mp-134
Co2N1Zr4,65.7622,mp-134
Mo1O6Rh2,83.0991,mp-134
S1Y1,42.5635,mp-134
Co1Hf1,75.9854,mp-134
S1Th1,31.0218,mp-134
N1Ni3Zn1,59.0916,mp-134
Co1In2S4,27.6926,mp-134
La3Tl5,21.0016,mp-134
Gd2O7Zr2,68.4787,mp-134
Mg3Ni2Ti1,43.712,mp-134
Pb1Pd2Y2,27.743,mp-134
Tb1Tl1,16.5079,mp-134
Al1Li1O2,52.0525,mp-134
Ag1Pb1Tb1,34.0086,mp-134
Ru2Sn3,60.6954,mp-134
F2Pd1,34.3967,mp-134
N1Pu1,90.9559,mp-134
In1Tb2,24.9001,mp-134
Ni2Sn1Ti1,48.0586,mp-134
Si2Zr1,95.607,mp-134
F10K1Tb3,43.8188,mp-134
Cu1Mg1Sn1,5.73671,mp-134
Er1Ga3Ru1,60.1445,mp-134
K2Se1,9.12565,mp-134
Be1Te1,39.3972,mp-134
Na1O4Pt3,68.4289,mp-134
Cl3Mn1Tl1,15.9069,mp-134
Cr1La1Se3,37.1121,mp-134
Li2Te1,19.2908,mp-134
Cu1Er1,36.598,mp-134
Mo3Sn1,94.227,mp-134
O1V1,84.563,mp-134
Ni1Tb1,27.3486,mp-134
Ag1Dy1Te2,20.3957,mp-134
N1Re1,213.582,mp-134
Ga1Li1Mg2,17.2913,mp-134
Ge7Ir3,84.2498,mp-134
Pd3Tl1,37.7139,mp-134
Pb1Pt3,40.0102,mp-134
Ca5P8,37.5381,mp-134
B2Ir6Sn5,52.6355,mp-134
Mn1O1,62.8174,mp-134
Dy1Ga4Ni1,48.1785,mp-134
B6Ni21Zr2,75.3208,mp-134
O7P2Zr1,54.9006,mp-134
Mn1Ni2Sb1,36.6965,mp-134
In1Pd1Th1,31.9022,mp-134
Pb13Rh4Sr3,21.4623,mp-134
Al1Mo3,113.908,mp-134
Gd1Se1,33.3877,mp-134
Dy4Ge6Rh7,74.4615,mp-134
B1Nb1O4,146.953,mp-134
O4Pd3Sr1,60.5386,mp-134
Cu4In1Sc1,56.3081,mp-134
Be13U1,138.3,mp-134
O4Pt3,57.2648,mp-134
Er1Ga3,41.5446,mp-134
Hf1Ni1P1,95.49,mp-134
Nd1Pt3,46.9677,mp-134
Au2In1Y1,21.0687,mp-134
Cd1La2Rh2,22.9009,mp-134
Al1Pt3,70.7868,mp-134
Dy1Os2,49.3436,mp-134
Hf2Pd1,53.6409,mp-134
Pt8V1,63.5459,mp-134
Br6Cs2Pt1,4.80364,mp-134
H3Ni1Yb1,54.5583,mp-134
Co1K1O2,25.5182,mp-134
Er1Pt1,35.7868,mp-134
H1Se1Y1,62.772,mp-134
Ho1Zn2,32.7977,mp-134
As1Ti3,49.0941,mp-134
Au3Ge1Na1,19.4147,mp-134
Cd1O6Sb2,49.4485,mp-134
Na6O5Pb1,33.4972,mp-134
Pt1Si1Zr1,100.053,mp-134
Pd1Th1,22.371,mp-134
I6Rb2Sn1,3.49501,mp-134
Be1Rh1,92.2128,mp-134
Au2Ge2Th1,15.8982,mp-134
Hf1La3Sb5,31.5132,mp-134
Mg1Pd1Y1,17.0641,mp-134
Cd1Sb1Tl1,13.0599,mp-134
Co1Ga2Zr6,51.688,mp-134
Be2Ti1,108.374,mp-134
Al1Re2,137.619,mp-134
Ca1Ir2P2,48.6756,mp-134
Dy2Tl1,23.4387,mp-134
Ta1,62.5806,mp-134
Na1Pt2,66.3239,mp-134
Al4Cu9,45.0751,mp-134
La1Mg1Tl1,29.6861,mp-134
Ba1O7U2,35.8744,mp-134
Pt1S1Sb1,34.3217,mp-134
Ge1Mn1Rh2,49.3389,mp-134
N4Ta2,89.606,mp-134
Ag1Zr2,34.2884,mp-134
Ga2S4Sr1,20.9811,mp-134
Au4Ho1,27.8145,mp-134
B2Y1,151.223,mp-134
Al3Ti1,51.4369,mp-134
O3Sr1Ti1,107.985,mp-134
Ge6Ir7Yb4,78.1779,mp-134
Cd1S2,23.0319,mp-134
Ce4Rh12Si1,49.1694,mp-134
Au1O2Rb1,12.4272,mp-134
Ca3Ge13Rh4,39.4445,mp-134
P4Pa3,64.8219,mp-134
Tb1Te1,22.6288,mp-134
Ag1Mn3N1,29.2627,mp-134
Ca1Cd2P2,35.8285,mp-134
In7Pt3,41.9699,mp-134
Ga1Ho1Pt1,31.3665,mp-134
Cr1Cu1O2,54.3513,mp-134
Cs1H1,8.2827,mp-134
As1Ba1Pt1,23.1446,mp-134
Hf2Rh1,42.0298,mp-134
Au1Ge1Tb1,45.3499,mp-134
Cs2I6Pt1,4.15539,mp-134
Ga1Hf1Ni1,74.6304,mp-134
Cl3Cs1Pb1,9.40627,mp-134
Sb4Th3,40.816,mp-134
La1Rh1Sn2,26.4013,mp-134
C2Ni1Tb1,99.765,mp-134
Fe1Te1,24.7335,mp-134
Ga2Pb1Se4,16.8468,mp-134
Ba1Pd1Si1,24.1605,mp-134
H2Th1,16.0954,mp-134
Hf1Rh1Si1,97.4116,mp-134
Co1Ge1V1,92.2041,mp-134
Nb3Se4,38.1101,mp-134
Ag2Er1In1,18.0475,mp-134
Ag8Ca3,15.4785,mp-134
Ru1S2,114.928,mp-134
C1Ge3Mo5,92.3753,mp-134
Hf1,55.1023,mp-134
Bi1Co1O3,24.3113,mp-134
Er1Ir1Si1,75.5633,mp-134
Al3Zr4,79.7546,mp-134
Cl2Hg2,6.36385,mp-134
Ag1Br1,9.78566,mp-134
N1Pd1,54.6675,mp-134
Ge1Mn1Rh1,52.8577,mp-134
Cl8Li6V1,18.3914,mp-134
Co4Er3Ge13,67.8084,mp-134
B2Tc1,245.576,mp-134
Ag1Pd3Se1,22.6436,mp-134
Pb1Pd3,45.5582,mp-134
H2Mg1,37.1298,mp-134
Ga1Rh1Y1,27.5425,mp-134
Hf1Ni2,69.9788,mp-134
Al3Hf5N1,56.9549,mp-134
As1In1Pt5,64.0018,mp-134
Li1Ru1Sn4,41.974,mp-134
Al16Pd7Sc6,52.2526,mp-134
La1Pd2Si2,56.2575,mp-134
Bi1Ga1,20.0667,mp-134
Sc1Si1,67.0115,mp-134
Ir2N1Zr4,67.9548,mp-134
Ir1Sc1,80.0181,mp-134
C1Tc1,69.8152,mp-134
C1Hf3Zn3,73.0731,mp-134
Au1Ho1,31.253,mp-134
Ca2H6Ru1,41.2434,mp-134
Pt3V1,90.4818,mp-134
Al4Ni1Tb1,60.231,mp-134
Ru2Sb2Sr1,45.6928,mp-134
Ga1Mg1Y1,48.5785,mp-134
Cl6Cs2Zr1,4.38089,mp-134
Ta1Tc1,133.357,mp-134
Cd1Se4Y2,18.1422,mp-134
Dy2O7Ru2,89.748,mp-134
Au1Pb1Y1,30.2521,mp-134
Ag1La1Pb1,31.4848,mp-134
Cd1O6Pt3,73.6633,mp-134
Pt1Zr2,25.1671,mp-134
As4Mo5,85.2055,mp-134
Cs1I3Pb1,6.77015,mp-134
Al3Os1U2,59.1016,mp-134
Ga2Ta3,107.146,mp-134
Au1K1Se2,9.34114,mp-134
Ag2Ba1Te2,13.6307,mp-134
La1O3Ti1,47.116,mp-134
Au1Ca1,16.179,mp-134
Ge1Hf1V1,82.1518,mp-134
Pb1Sr2,12.8263,mp-134
C1Dy3Tl1,12.1921,mp-134
Sn3Tb1,13.9367,mp-134
Ce1Ge1Ir1,44.6418,mp-134
Co1Sb1Ti1,75.949,mp-134
I6Pd1Rb2,3.58791,mp-134
Ag1Cu4Dy1,15.4923,mp-134
Cr1N1Nb1,160.163,mp-134
Fe1Te2Zr6,61.4032,mp-134
Ag1In1O2,26.6377,mp-134
Br2H12Sr7,25.9313,mp-134
Hf1Pd1Si1,89.8414,mp-134
La1Mg1Ni4,33.1093,mp-134
Mn1S1,42.576,mp-134
N1Re3,201.338,mp-134
Ru1Sc1,50.6077,mp-134
Hf5Sb3Zn1,67.6809,mp-134
Hf1Ir1Si1,113.703,mp-134
C1Li4O4,31.2539,mp-134
Dy1Ni2Si2,70.2294,mp-134
Ir3U1,123.188,mp-134
Hf1Re1Si1,136.004,mp-134
Cd1Sr1,16.0475,mp-134
As1Au1Ba1,30.2616,mp-134
Al1Sn3Zr5,64.4177,mp-134
Ir4Sc11,36.3916,mp-134
Rh1Si1Ta1,118.668,mp-134
Au1Ta3,59.4105,mp-134
Rh1Si3Tb1,53.3824,mp-134
S2Sr1,27.4717,mp-134
Ag1Ge1Tb1,21.6575,mp-134
Ca2O7Ta2,97.7883,mp-134
Ga1Tb1,37.7016,mp-134
Sn2Y1,34.8271,mp-134
Dy1Ru1Si1,49.2356,mp-134
O3Rh1Tb1,72.5597,mp-134
C1Pu1Ru3,74.0801,mp-134
O7Sn2Tb2,86.2893,mp-134
Ga1,9.32411,mp-134
Ca1H3Rb1,19.5311,mp-134
Ni1Zn1,68.458,mp-134
Ge1Pd2,38.0075,mp-134
Dy1Ir2Si2,108.023,mp-134
Rh2Yb1,52.5302,mp-134
C1Re1,237.633,mp-134
N1Sc1,149.42,mp-134
Cu2In1Ti1,43.4543,mp-134
Co1Si2Y1,64.8255,mp-134
Cl8Co1Li6,23.0011,mp-134
Cs1H3Mg1,19.6954,mp-134
Cu1K1Te1,18.1493,mp-134
Al2Er1,60.605,mp-134
Mn1Pb1Rh2,51.6306,mp-134
Dy1In1Pt4,54.8304,mp-134
Mo1Pt1,132.32,mp-134
Bi1Sc1,30.2689,mp-134
Ru3Si2Th1,91.8303,mp-134
Mo1Pt2,124.4,mp-134
Ce1O3Sr1,54.0038,mp-134
Ni2Sb2Tb1,26.6668,mp-134
Ge13Rh4Tb3,64.6003,mp-134
Cu2La1Si2,69.9469,mp-134
O2Pt1,93.0551,mp-134
Al1Dy1Zn1,52.1736,mp-134
Br1Mo1S1,33.8243,mp-134
B2Si1V5,165.746,mp-134
Hg1La1,16.8484,mp-134
Al2Pd1,31.5375,mp-134
Cu1Hg2Zr1,21.0916,mp-134
B6Ca1,85.4684,mp-134
O2Rb2,11.1826,mp-134
Si2Th1,29.1183,mp-134
P1Sb1Ti2,64.2671,mp-134
Ir2U1,96.5571,mp-134
As3Ir1,84.4634,mp-134
Sn2Y1Zn1,31.7824,mp-134
Rb2S2,5.97869,mp-134
O1Pb1,10.5832,mp-134
Sr1Te1,13.1179,mp-134
Ag1Yb1,8.55208,mp-134
N2S1Zr2,69.2297,mp-134
Cu1Sb1Se2,19.7591,mp-134
Dy1,26.484,mp-134
Hg1Sn1Yb1,20.6041,mp-134
Ag1,23.7034,mp-134
Cl1K1,9.47221,mp-134
Cr2O4Zn1,82.615,mp-134
Ag5S4Sb1,11.7082,mp-134
Al1Ge1Sr1,34.8867,mp-134
P1Ru2,92.6578,mp-134
Au1O1Rb3,9.45658,mp-134
Pd1Yb1,21.7507,mp-134
As2Os1,119.299,mp-134
Li1Mn1O2,65.4806,mp-134
Pd1Sb1Yb1,15.2384,mp-134
Ba1O3Th1,44.5861,mp-134
Pt1Tl2,16.9604,mp-134
Ge1Y1,54.7054,mp-134
Tb1Te2,27.0171,mp-134
Mn1Rh1Sb1,32.0979,mp-134
Sr1Zn5,25.8666,mp-134
Bi1Ni1Y1,49.2201,mp-134
B12Sc1,187.866,mp-134
B1Ir1Mg1,77.4034,mp-134
Ag1Bi1Ca1,21.138,mp-134
Er1Ni1P1,69.6747,mp-134
B1Tc1,170.909,mp-134
Ba1Cd2,8.47802,mp-134
Pt1Sc1,41.7818,mp-134
P1Rh1Zr1,102.312,mp-134
N1Tb1,120.039,mp-134
Be13Sb1,77.6648,mp-134
Eu1Te1,13.4269,mp-134
Ge1Hf1Rh1,69.0474,mp-134
O4S1Zn1,13.0699,mp-134
Tb1Zn1,31.633,mp-134
C2Si1,98.6352,mp-134
Ba1H1I1,13.8549,mp-134
Re5Si3,102.121,mp-134
Ir1Sb3,60.1191,mp-134
Cd1Na2Pb1,10.6925,mp-134
Al1Hf1,74.6765,mp-134
Br6Rb2Sn1,3.96827,mp-134
C1Nb3Ni3,90.0281,mp-134
Os2Sc1,54.5649,mp-134
Re1Si1Ta1,119.149,mp-134
Pd1Sn1,18.5301,mp-134
Au2In1Th1,14.9582,mp-134
Cs1F3Sr1,20.3667,mp-134
Cd1Dy2Ge2,49.302,mp-134
Al2Pd5U1,47.1458,mp-134
Ca1Mn7O12,68.9835,mp-134
Pd1Si1Zr1,88.1514,mp-134
Ga1Ir1Y1,29.9397,mp-134
Cs2I6Sn1,3.27906,mp-134
Al2Cu1Mg1,47.065,mp-134
C1Dy3Sn1,61.3079,mp-134
Au1Ho1Ni4,66.1587,mp-134
In1La1Pt4,41.4522,mp-134
K2Te1,6.51818,mp-134
Pt1Ti3,67.9637,mp-134
Ag1F3K1,14.4963,mp-134
Ni1P1Ta1,97.4333,mp-134
Cu1Ir2S4,39.6124,mp-134
H1In1O2,70.4754,mp-134
Bi1Rh1,32.3034,mp-134
Hf1Ru1Sb1,47.8966,mp-134
In3Tb1,28.7289,mp-134
In1Rh1Tb1,30.1355,mp-134
O1Pd2,9.53649,mp-134
Cu1Si1Tb1,62.4009,mp-134
Hf5Si3,87.8423,mp-134
Er1Sn3,9.55377,mp-134
C2Na2,13.4149,mp-134
O6Sb2Zn1,91.0664,mp-134
Hf1Pb1S3,16.9995,mp-134
Ge1O8Zr3,53.3912,mp-134
O7P2Sn1,41.8007,mp-134
Al3U1,60.8111,mp-134
Ru2Tb1,22.9257,mp-134
B12Zr1,202.752,mp-134
Ru1Si1Zr1,99.4006,mp-134
Ag1In1Te2,12.7351,mp-134
Hf3Si2,90.621,mp-134
Cd1Rh1Tb4,28.9389,mp-134
N2Ta1,145.385,mp-134
Ba1Te3,15.4745,mp-134
Co1O6Pt3,76.5588,mp-134
C1Tb3Tl1,11.2758,mp-134
Ga1Sn3Zr5,67.3149,mp-134
Cs1In3,13.0319,mp-134
Ge1P2Zn1,48.3297,mp-134
As2Si1,43.3862,mp-134
Ag1Hf2,48.3343,mp-134
Cd1Dy2Te4,13.1501,mp-134
N2,0.695978,mp-134
Ge2Mo1,133.985,mp-134
Al3Nb1,103.346,mp-134
Al2Mn1S4,33.7917,mp-134
Br6Pd1Rb2,6.05139,mp-134
As4Sn3,19.7683,mp-134
I1K1,5.80901,mp-134
C2Cu1Rb1,14.2714,mp-134
Be13Lu1,122.192,mp-134
Cl1La1Te1,25.9872,mp-134
In1Pt2Sc1,38.2277,mp-134
Mg4P6Rh7,72.4885,mp-134
B3H12Y1,17.3461,mp-134
Al16Ir7Sc6,72.7309,mp-134
B1Mo2,142.811,mp-134
H1Rh1,85.6585,mp-134
Er1Si1,67.5037,mp-134
Al1Sc2Si2,68.0774,mp-134
Au3Sb4Tb3,38.5968,mp-134
Ga2La1,53.1946,mp-134
C1Cr3Nb3,119.788,mp-134
O7V2Y2,95.2391,mp-134
Al1Mn1Pd2,33.5524,mp-134
Sb4Zr5,46.8478,mp-134
Ru9Sb8Zn7,68.2329,mp-134
Mg5Pt10Si16,61.9059,mp-134
O2Sn1,76.1392,mp-134
Li2Pd1,19.5659,mp-134
Al2Dy1,57.9259,mp-134
H2Hf2Pd1,30.6622,mp-134
Fe2Si2Tb1,88.9718,mp-134
Mo1Se2,23.7043,mp-134
Ni1Sc1,41.6869,mp-134
Cs1Na2,2.24474,mp-134
Cr2Cu1Te4,11.4546,mp-134
Er2Hf2O7,97.5229,mp-134
Co1Ge1Nb1,63.9455,mp-134
B1Dy1Rh3,89.8141,mp-134
Tc2Zr1,17.6828,mp-134
Ru4Sb12Sr1,46.2054,mp-134
Cu2Ho2In1,29.0448,mp-134
Mg1Tl1,4.94441,mp-134
B1Rh3Tb1,89.1184,mp-134
Cd1O3V1,80.7609,mp-134
Yb3Zn11,26.101,mp-134
La4Sb3,27.6177,mp-134
Na1,2.8828,mp-134
Ba1Pb6Rh3,26.1828,mp-134
W2Zr1,86.5601,mp-134
Pd1Zn1,56.1679,mp-134
Bi4La3Pt3,25.8492,mp-134
Ti1,63.5361,mp-134
Dy1Ge1,55.6111,mp-134
Gd1N1,108.779,mp-134
K1Nb1O3,54.875,mp-134
Ca1O3Si1,150.419,mp-134
Ca1Cl2,12.801,mp-134
Ga3Zr1,77.8581,mp-134
Ge1Rh1Ta1,91.8629,mp-134
Au5Rb1,21.5208,mp-134
Nb1Pt1,85.0118,mp-134
Ru3Th7,27.4049,mp-134
Al1Sc1,35.7872,mp-134
Ag2Y1,25.7118,mp-134
Au1Er1Sn1,40.202,mp-134
Al2Cd1Te4,15.7338,mp-134
Al1O3Y1,111.946,mp-134
Cd1Ga2O4,55.7267,mp-134
C2Gd1Mo1,100.14,mp-134
Ag1Dy1Sn1,39.1573,mp-134
F4Mg1Rb2,21.2374,mp-134
Al2S4Zn1,46.6202,mp-134
Si1U3,24.1499,mp-134
Re1Si1,82.5113,mp-134
Au1Cd1Sb1,11.9432,mp-134
Au1Ge1Y1,44.2439,mp-134
B1Ni4Tb1,72.7883,mp-134
K2Se2,8.22627,mp-134
Ca4Hg9,10.9298,mp-134
B2Ru1Y1,106.284,mp-134
B1C1Mo2,180.718,mp-134
Ca1In1Pt1,26.3865,mp-134
Ga1In1O3,77.8363,mp-134
P2Rh2Sr1,42.4878,mp-134
As1Ca3Cl3,25.198,mp-134
Au2Bi1Tb5,20.7846,mp-134
Au2Ca1Si2,36.5645,mp-134
In1Zr3,53.5374,mp-134
C1In1Sc3,78.5781,mp-134
C2Si1Ti3,134.143,mp-134
Ir2Si2Y1,107.64,mp-134
Rh1V3,102.669,mp-134
Ca1In4Pd1,24.0667,mp-134
Ir1Si3U1,58.7451,mp-134
Li1P1Zn1,52.4515,mp-134
Ge2Rh2Th1,71.1657,mp-134
Cd1O2Rb2,13.6326,mp-134
Er1Te2,19.3035,mp-134
Al2Dy3,30.8928,mp-134
Lu1Pt1Sb1,51.608,mp-134
N3Rh1,92.499,mp-134
Cu1Ge1Sc1,65.3961,mp-134
Pd1Sn1Y1,34.2873,mp-134
Cr1Ge1Nb1,82.1495,mp-134
Li1Na1Te1,15.3505,mp-134
Cr1Dy4Ga12,45.3963,mp-134
Er1Pd3,59.7495,mp-134
Ca3Rh4Sn13,22.33,mp-134
K5Sb4,8.75111,mp-134
N1Ta1,163.736,mp-134
C1Ti2Tl1,87.1951,mp-134
P1Pt1Tb1,46.4935,mp-134
Ca1Li1N1,40.63,mp-134
Si3Tc5,105.605,mp-134
Mg1O3Si1,109.304,mp-134
Cd1Co1Dy4,26.8854,mp-134
Er1Pd1,30.4102,mp-134
Er1Pd1Sb1,42.2351,mp-134
O2Pb1,27.3125,mp-134
C1Sc1,69.843,mp-134
Er1Mg2,19.5982,mp-134
Al1Pd1,51.2341,mp-134
Os3Zr1,108.969,mp-134
I5In1Sn2,5.92195,mp-134
Ca1Zn13,45.2521,mp-134
Ga1Sn2V2,57.4708,mp-134
Rh3Si2Y1,100.331,mp-134
Co4Ge13Yb3,44.0664,mp-134
Al1C1Gd3,51.6828,mp-134
Pd1Sc1,35.8967,mp-134
Ir1Mg3,34.0557,mp-134
Au1Ti3,52.2827,mp-134
Ni1Sb1Y1,54.6389,mp-134
Ag1Sn1Tb1,39.1718,mp-134
Pd2Si1Y1,46.4513,mp-134
Mg1Ru1Sn4,44.8724,mp-134
Ga1Li1Si1,47.3761,mp-134
Br6Cs2Sn1,3.74084,mp-134
Ge1Mn1Ni2,28.6246,mp-134
As1Na1,26.1547,mp-134
U1,51.3005,mp-134
P1Sc1,61.5583,mp-134
Er1Ge1Rh1,53.476,mp-134
Br6Rb2Te1,4.43288,mp-134
Hg1Mg2,15.1839,mp-134
Ga1Pt1Th1,38.9272,mp-134
Dy3Pt1,14.831,mp-134
Al1Pd1Th1,28.3812,mp-134
Ba1Si1Zn1,31.0517,mp-134
Cu1Mg1P1,48.2669,mp-134
As2Pd1,42.6853,mp-134
Ag1In1S2,15.9626,mp-134
F2H1K1,15.2661,mp-134
Ba1O6Te2,33.8546,mp-134
B7Mo3Y1,183.072,mp-134
Te1Y1,22.2708,mp-134
Al2Pb1S4,20.6539,mp-134
Nb1Ru1Sb1,68.382,mp-134
Si1Ti1,87.4728,mp-134
Cu9In4,41.3823,mp-134
Co1Si1V1,124.114,mp-134
Rh3Sc1,84.2049,mp-134
As1Th1,33.6208,mp-134
Ge1,46.2513,mp-134
Cs2I6Pd1,4.48547,mp-134
Dy1Se1,27.9646,mp-134
Au2In1Tb2,29.6879,mp-134
Ho1Si1,66.2233,mp-134
As2Cd1Si1,30.7442,mp-134
C2La1,35.1071,mp-134
Au1Yb1,14.1942,mp-134
H2Nb1,81.8791,mp-134
As2Hf3,66.151,mp-134
Al2Tb3,29.2788,mp-134
Cl2H6N2,6.97604,mp-134
Pd3S1,36.3759,mp-134
Rh1Zn1,76.0785,mp-134
Dy2O7Sn2,87.0731,mp-134
Ag2Sr1,16.1931,mp-134
H2Hf1,27.4705,mp-134
C1Ru3Zr1,157.074,mp-134
As2Cd1,18.6175,mp-134
Ge1Ru1,89.2474,mp-134
Rh1Si1,84.3679,mp-134
Mg1P1Pd5,51.4112,mp-134
In3Y1,26.1817,mp-134
Ag2O1,1.37277,mp-134
Er1Pt2,69.5768,mp-134
Ru1Si1,104.211,mp-134
Na1Nb1O3,104.034,mp-134
Cd1Ni4Tb1,49.3868,mp-134
In2Ir1Sr1,29.8131,mp-134
K1Sb1Sn1,12.6556,mp-134
Ho2O7Sn2,88.2199,mp-134
S1Ti1,62.2743,mp-134
Cr2Cu1Se4,20.5082,mp-134
Ga12Pd1Y4,54.3749,mp-134
Ga1Pt1Zr1,70.2099,mp-134
Tl1Y1,16.3247,mp-134
Cs3O3Sb1,6.05069,mp-134
As2Ba2Cd1,20.153,mp-134
Bi1Cu1Sr1,28.2282,mp-134
Au1C2K1,16.6129,mp-134
Cu1Ni2Sb1,34.9971,mp-134
Ho1Pd1,28.9702,mp-134
Bi1K3Se3,7.10923,mp-134
Fe1H6Sr2,38.7511,mp-134
Pu1Te1,33.5274,mp-134
Ba1Pd1,14.8427,mp-134
Ba1Pt1Sn3,23.2866,mp-134
Ag2Sc1,32.1643,mp-134
Ir3Th7,28.869,mp-134
Pd1S1Sb1,29.2552,mp-134
Li1Pt2,69.7754,mp-134
Ca1Tl3,12.1796,mp-134
Mg1Pd1,29.5283,mp-134
Cd1Dy1,24.3487,mp-134
Si1V3,63.4057,mp-134
Ba1Cr1S2,25.9716,mp-134
Co2Se2Tl1,15.7678,mp-134
Cu1Li2Sn1,29.7138,mp-134
Mg1O6Ta2,97.7829,mp-134
Dy3In1N1,65.204,mp-134
Cd1Cr2Se4,24.1896,mp-134
Ga1Ho1O3,84.7834,mp-134
O1Sn1Sr3,34.8493,mp-134
P4Th3,58.4777,mp-134
Mg2Pt1Si1,57.3041,mp-134
Dy2Se3,34.9565,mp-134
Au4Hf1,40.7912,mp-134
Br3Cs1Pb1,7.98552,mp-134
Al2Hg1Te4,15.8941,mp-134
Ni4Sc1Sn1,31.9655,mp-134
Cu1Mn1Sb1,30.1694,mp-134
F6Ni1Rb2,7.91673,mp-134
Ge1Mn1Yb1,36.8614,mp-134
Al4C4Si1,66.5837,mp-134
Ca1In1Rh1,23.9095,mp-134
Be2Hf1,104.339,mp-134
Co1Si1,58.0802,mp-134
Ge2Sc1,50.9662,mp-134
Ba1Hg1Sn1,20.7463,mp-134
Co1Ni2S4,21.3855,mp-134
Au2Ho1In1,21.2332,mp-134
As1Rh1Ti1,74.0194,mp-134
Ru1Se2,88.8335,mp-134
K1N3,11.5715,mp-134
Ag1Te2Y1,19.4934,mp-134
Os3Sn7,32.8389,mp-134
B4Re1Th1,167.448,mp-134
Be5Fe1,124.593,mp-134
As3V5,80.6824,mp-134
Al1Er3N1,71.142,mp-134
F3Y1,49.8366,mp-134
Rh3Ti1,123.083,mp-134
Au2In2Sr1,15.9469,mp-134
Ni2P2Zr1,52.6609,mp-134
Pt1Sn1Th1,39.1165,mp-134
In1La1Pd1,21.9911,mp-134
In1Mg3,18.6461,mp-134
Au4Zr1,39.8581,mp-134
Pt3Y1,64.3625,mp-134
N2Te1Th2,29.1944,mp-134
Sb2Tl7,7.47834,mp-134
Cd1Ni4Sc1,61.6453,mp-134
C1Cr2Ga1,63.3691,mp-134
Dy1Ir1Si1,69.5163,mp-134
Fe1Nb4P1,91.655,mp-134
Cu1In1O2,37.8386,mp-134
Ni2Ta1,78.9922,mp-134
I6Rb2Te1,3.28926,mp-134
Ga1Li2Pt1,30.1921,mp-134
Au3La3Sb4,34.9529,mp-134
Dy1Si2,22.6709,mp-134
Mn2Si2Tb1,62.8192,mp-134
Al3Ho1,61.44,mp-134
Cl1F1Yb1,25.6767,mp-134
Au1Ca1In2,26.9035,mp-134
Ca1Pd2,35.1634,mp-134
La5Si3,26.9489,mp-134
Au2Ba1,17.8049,mp-134
Ho1Ir1Si3,58.2088,mp-134
Cs1Cu1F4,7.27286,mp-134
As1Au1Ca1,28.6543,mp-134
Ho1Pd2Sn1,28.0839,mp-134
Al2Ni1Zr6,51.8881,mp-134
La1Os1Si3,67.4287,mp-134
Al16Rh7Sc6,65.8812,mp-134
Si2Sr1,39.1958,mp-134
Cd1N1,43.7875,mp-134
As1Zr1,64.9747,mp-134
F3K1V1,32.8301,mp-134
Cl6Pt1Tl2,6.53134,mp-134
N1,238.853,mp-134
Ce1Zn1,29.9636,mp-134
Ag1C1,13.0009,mp-134
Cs2Hf1I6,3.59706,mp-134
Cs2S2,4.94956,mp-134
Al1Re1,51.2276,mp-134
Hg3Mg5,24.6303,mp-134
Er1Ga1,45.1956,mp-134
Cd1Mn2O4,41.6642,mp-134
P1Zr1,73.9462,mp-134
Ca1Si3,45.006,mp-134
Cr2Mg1O4,75.6367,mp-134
In1P1,31.9778,mp-134
Si1Zr1,93.4625,mp-134
Al6Mn1,64.8827,mp-134
As1V3,100.619,mp-134
Hf3In4,39.4084,mp-134
Dy1Sb1,35.7126,mp-134
Ca1Pd1Sn2,20.303,mp-134
Ag2Th1,31.3596,mp-134
Au7I1P10,33.8229,mp-134
Ta1Zn2,91.5575,mp-134
Ge6Ir7Y4,95.9771,mp-134
Al1Hf1Pd2,13.3644,mp-134
Ag1Pb1Y1,32.6568,mp-134
Mg2O4Si1,116.855,mp-134
Mn1V1,140.948,mp-134
Ca3N2,33.8451,mp-134
C1Rh3Tb1,76.2995,mp-134
Rh2Sn1,56.6696,mp-134
B6H6K2,9.77161,mp-134
Fe1Ti1,129.426,mp-134
Au1Dy1Sn1,40.8505,mp-134
Nb1Re1Si1,125.41,mp-134
Te1U1,41.8126,mp-134
Rb1,0.987947,mp-134
Ru1Si1Y1,48.2667,mp-134
Ca3N1Tl1,33.7599,mp-134
Al3Pt5,57.5654,mp-134
Ge1Li1Y1,47.1139,mp-134
Ca3N1Pb1,8.46564,mp-134
Cd1La4Ru1,19.7906,mp-134
Bi1Ho2O2,34.7699,mp-134
Si1Sn3Zr5,70.9438,mp-134
Ba2F6Pd1,19.3463,mp-134
Bi1O3Rb3,7.81707,mp-134
Al1Cu2Zr1,50.4784,mp-134
Na3Sb1Te3,7.52503,mp-134
Ga1La1Pt1,23.1236,mp-134
Ca1Ga2,43.6195,mp-134
Mn1Nb1P1,119.081,mp-134
Be5Hf1,111.007,mp-134
As2Ni2U1,48.9915,mp-134
Hg1Ni1,30.332,mp-134
Eu1F4Mg1,28.2783,mp-134
Pb1Th1,23.3397,mp-134
Ag3As1O4,16.2035,mp-134
In1Pt2Zr1,21.5414,mp-134
In2Li1Pd1,26.4754,mp-134
Be2V1,132.591,mp-134
Ba1Mg2Si2,40.5821,mp-134
Ge2Rh2Y1,65.3046,mp-134
B4In5Ir9,81.2708,mp-134
C2Sn1Ti3,103.159,mp-134
Be3N2,177.173,mp-134
Cd2O7Sb2,82.4811,mp-134
In1Sc2,38.3789,mp-134
Ni1Pd1Si1,64.1323,mp-134
Cu1Ga1O2,57.3055,mp-134
H5K3Zn1,12.7731,mp-134
Ag1Bi1K2,8.33897,mp-134
Ir1W1,172.31,mp-134
F3Hg1Rb1,14.8246,mp-134
Bi1Mg1Ni1,33.1868,mp-134
Cd1Er2S4,23.6469,mp-134
H1Na1,19.963,mp-134
C2Co1Tb1,91.0653,mp-134
Al8Fe4La1,48.591,mp-134
Ga1Sc1,46.1333,mp-134
Rh1Tb1,36.484,mp-134
Th1Zn4,46.2951,mp-134
La1N1,76.0091,mp-134
C1Ca1O3,21.4344,mp-134
Ba1Bi1Na1,16.6426,mp-134
As1Ga1,40.8123,mp-134
S4Sn1Sr2,14.7399,mp-134
Nb2O6Zn1,65.8887,mp-134
Al2Zr3,54.5936,mp-134
Au1Gd1,23.8621,mp-134
Pb2Y1,28.0415,mp-134
Er1Pd1Tl1,21.4024,mp-134
Bi1F4Rb1,17.3944,mp-134
K1Sb1Zn1,17.6499,mp-134
Ga3Pt2,40.3165,mp-134
Pb3Tb5,39.6243,mp-134
B3C1Nb3,186.406,mp-134
Ba1Co1O2,30.8224,mp-134
Cd1O4Rh2,47.7142,mp-134
Ir2Pr1,85.1972,mp-134
C1K4O4,14.1104,mp-134
Au1K1Te1,13.8933,mp-134
Ge2Ru2Th1,79.3349,mp-134
Er4Fe1Ga12,47.8359,mp-134
As1Mn1Pd2,22.3304,mp-134
Sc1Te1,29.7538,mp-134
Ir2Y1,89.439,mp-134
Al1Er2,32.9999,mp-134
Er1Ga1Pd1,23.9416,mp-134
Ge1Mo3,112.253,mp-134
Pd1Zr2,46.4699,mp-134
Ba1Si2,33.2778,mp-134
In2Pt3,57.3753,mp-134
Ga1La1Mg1,35.1019,mp-134
O2V1,119.256,mp-134
Ag2S1,13.3255,mp-134
Gd1O4V1,47.016,mp-134
Fe1,169.671,mp-134
B1Bi1,61.2994,mp-134
N1Zr1,151.187,mp-134
Al1Cr2,93.1331,mp-134
